created,completed,late,urgent_created,urgent_completed,urgent_late,robot_completed,human_completed,failures,human_interventions,gross_manual_minutes_avoided,robot_human_burden_minutes,human_transport_minutes,total_wait_minutes,total_cycle_minutes,robot_busy_minutes,elevator_requests,elevator_wait_minutes,charging_sessions,charging_wait_minutes,charging_minutes,robot_energy_kwh,robot_batches,batched_requests,decontamination_sessions,decontamination_wait_minutes,decontamination_minutes,human_support_tasks,human_support_minutes,human_support_travel_minutes,human_support_wait_minutes,human_empty_travel_minutes,robot_empty_travel_minutes,battery_forced_charges,battery_infeasible_missions,passenger_elevator_requests,seed,scenario_hash,policy,fleet_size,demand_multiplier,reliability,incomplete,urgent_incomplete,late_fraction,late_or_incomplete_fraction,urgent_late_fraction,mean_wait_minutes,mean_cycle_minutes,net_released_minutes,human_idle_minutes,human_contiguous_idle_minutes,human_contiguous_idle_minutes_per_100_beds_day,human_support_minutes_per_100_beds_day,human_empty_travel_minutes_per_100_beds_day,robot_empty_travel_minutes_per_100_beds_day,mean_human_support_wait_minutes,staffed_hours_per_day,human_utilization,mean_elevator_wait_minutes,mean_charging_wait_minutes,charging_utilization,mean_robot_batch_size,mean_decontamination_wait_minutes,decontamination_utilization,staff_night,staff_day,staff_evening,variant,staffing_name,specimen_deadline,task_mix,policy_name,replication,elevator_capacity
10920,10910,5980,9159,9150,5131,19,10891,0,0,149.06525956704442,94.02917821737837,664627.3688936954,84666.82122796279,754457.3968974527,5163.206775798049,13674,525797.768542338,1,0.0,102.29338774528023,6.031884067796984,0,0,4,0.0,28.0,42,102.02917821737837,1903.732979822548,3432.3716466463993,246237.29960256102,76.65896308388436,0,0,0,20261120,df865d7663648c4a,deadline_hybrid,2,1.0,0.98,10,9,0.5481209899175069,0.5485347985347986,0.5611966371874659,7.760478572682199,69.15283197960153,55.03608134966605,1222776.8895165548,1213062.2380907254,20217.703968178757,1.700486303622973,4103.954993376017,1.2776493847314059,81.72313444396188,1000.0,0.3206795058241363,38.45237447289294,0.0,0.0011839512470518546,0.0,0.0,0.00032407407407407406,15,60,50,e2_high_d25_source_deadline_hybrid,high,25,source,deadline_hybrid,0,2
10819,10814,5738,9148,9143,4991,15,10799,0,0,106.66063425002856,76.30603965023325,602426.9729228953,104790.88293522719,712006.7731229786,4788.917264864422,13484,464881.43021578575,0,0.0,0.0,4.248831084299548,0,0,5,0.0,35.0,35,86.30603965023325,1282.1833447498577,3296.261980241052,218700.7626224341,55.72058566076318,0,0,0,20261121,df865d7663648c4a,deadline_hybrid,2,1.0,0.98,5,5,0.5306084705012022,0.530825399759682,0.5461303017052908,9.690298033588606,65.84120335888466,30.35459459979532,1274190.7202147336,1264752.313624629,21079.20522707715,1.4384339941705542,3645.0127103739014,0.9286764276793863,94.1789137211729,1000.0,0.2921162665473702,34.4765225612419,0.0,0.0,0.0,0.0,0.0004050925925925926,15,60,50,e2_high_d25_source_deadline_hybrid,high,25,source,deadline_hybrid,1,2
12518,12509,6972,10552,10545,6075,28,12481,0,0,154.96449310282082,130.4247045308809,711734.3360049932,84504.59086091416,801218.2368686158,4979.310002721832,15463,554795.0649861225,2,0.0,218.88491138396216,6.597415674135608,0,0,12,0.0,84.0,68,154.42470453088092,2442.303029149628,4126.756612334988,259498.64827029282,87.01600755255771,0,0,0,20261122,df865d7663648c4a,deadline_hybrid,2,1.0,0.98,9,7,0.557358701734751,0.5576769451989135,0.5763836239575436,6.755503306492458,64.05134198326132,24.539788571939937,1170117.6688458573,1158424.627188471,19307.077119807847,2.573745075514682,4324.977471171547,1.4502667925426285,60.68759724022041,1000.0,0.34993462841896816,35.8788763490993,0.0,0.0025333901780551175,0.0,0.0,0.0009722222222222222,15,60,50,e2_high_d25_source_deadline_hybrid,high,25,source,deadline_hybrid,2,2
10389,10385,5584,8735,8731,4833,10,10375,0,0,97.09962272023046,50.58884871469504,561831.7702646746,51656.25054675777,616191.7982445434,2703.777433121435,12959,429107.93581815745,0,0.0,0.0,4.130310918562546,0,0,2,0.0,14.0,22,54.58884871469504,1014.3023658184665,1704.954914636699,201810.3608043255,50.17087668809197,0,0,0,20261123,df865d7663648c4a,deadline_hybrid,2,1.0,0.98,4,4,0.5376986037554164,0.5378766002502647,0.5537492844876932,4.974121381488471,59.33479039427476,46.51077400553542,1304976.3227779735,1295313.021899641,21588.55036499402,0.9098141452449173,3363.5060134054247,0.8361812781348662,77.4979506653045,1000.0,0.2750131540122369,33.11273522788467,0.0,0.0,0.0,0.0,0.00016203703703703703,15,60,50,e2_high_d25_source_deadline_hybrid,high,25,source,deadline_hybrid,3,2
10405,10399,5529,8736,8730,4751,5,10394,0,0,40.04162096236236,24.777717469181837,585053.0452106007,77307.59429452234,663907.5278518131,1546.8883467004162,13034,450959.34299620474,0,0.0,0.0,1.754112832527952,0,0,1,0.0,7.0,11,26.777717469181837,383.54964003384407,1107.5234517706012,211996.63353006192,23.29262641996646,0,0,0,20261124,df865d7663648c4a,deadline_hybrid,2,1.0,0.98,6,6,0.5316857390133667,0.5319557904853436,0.5445283882783882,7.434137349218418,63.843401082009144,15.263903493180521,1282882.2084730102,1272958.6252555866,21215.97708759311,0.4462952911530306,3533.2772255010323,0.38821044033277435,100.68395016096375,1000.0,0.2872876619594388,34.598691345420036,0.0,0.0,0.0,0.0,8.101851851851852e-05,15,60,50,e2_high_d25_source_deadline_hybrid,high,25,source,deadline_hybrid,4,2
11041,11028,5403,9270,9260,4665,88,10940,4,4,745.679680943694,426.17249926480883,556336.7520592352,44971.79261179459,606608.410078673,5299.865407654248,13727,419032.1379608089,10,0.0,1079.1639278092664,34.74140507083483,0,0,63,0.0,441.0,239,552.1724992648091,1918.3478085732884,2834.660437459741,199928.84206579113,530.9437772649442,0,0,0,20261125,df865d7663648c4a,deadline_hybrid,2,1.0,0.98,13,10,0.4899347116430903,0.49053527760166654,0.5043149946062567,4.07796450959327,55.00620330782309,319.5071816788852,1303832.1169966827,1293082.303075666,21551.371717927766,9.202874987746817,3332.1473677631857,8.849062954415736,11.860503922425695,1000.0,0.27564882389073186,30.52612646323369,0.0,0.012490323238533175,0.0,0.0,0.005104166666666667,15,60,50,e2_high_d25_source_deadline_hybrid,high,25,source,deadline_hybrid,5,2
11828,11822,7467,10005,10001,6421,20,11802,0,0,184.5113511953796,102.11211032788599,822629.4213600532,108236.28125061939,935310.2861888685,4444.583578207414,15128,670296.654109373,2,0.0,214.96974306167706,8.033645829905659,0,0,5,0.0,35.0,45,112.11211032788599,1555.8636278903127,2615.106987982723,307233.76707899646,117.51796462433106,0,0,0,20261126,df865d7663648c4a,deadline_hybrid,2,1.0,0.98,6,4,0.6316190153950262,0.6318058843422387,0.6421789105447276,9.15549663767716,79.11607902122047,82.39924086749362,1087622.9254300548,1077019.8116098288,17950.330193497146,1.8685351721314332,5120.562784649941,1.9586327437388509,58.113488621838286,1000.0,0.3957650414277474,44.308345723781926,0.0,0.0024880757298805217,0.0,0.0,0.0004050925925925926,15,60,50,e2_high_d25_source_deadline_hybrid,high,25,source,deadline_hybrid,6,2
11430,11426,6441,9643,9641,5543,14,11412,0,0,135.63988686845033,78.022415615726,694925.1107823428,83252.83154977977,782829.0637148845,4651.121382771977,14329,548208.0332932635,1,0.0,104.95254334947998,6.448013451523334,0,0,1,0.0,7.0,29,80.022415615726,1156.8202445684622,2778.065439618422,256358.58842542244,104.95790351172334,0,0,0,20261127,df865d7663648c4a,deadline_hybrid,2,1.0,0.98,4,2,0.5637143357255382,0.5638670166229222,0.5750285180960282,7.286262169593889,68.5129584907128,57.61747125272433,1192361.221976748,1182085.8435083244,19701.43072513874,1.3337069269287667,4272.643140423707,1.7492983918620557,95.79535998684213,1000.0,0.33757709890180665,38.25863865540258,0.0,0.0012147285109893517,0.0,0.0,8.101851851851852e-05,15,60,50,e2_high_d25_source_deadline_hybrid,high,25,source,deadline_hybrid,7,2
11393,11385,6362,9621,9616,5511,27,11358,1,1,170.66528187044514,151.07438331279965,655589.0528182571,112870.54618074739,773959.7899694326,5500.190970440664,14239,511689.58057826845,2,0.0,205.5585015356897,7.350174289922433,0,0,13,0.0,91.0,67,177.07438331279968,1808.6781497353743,4103.165248414814,240574.8664371139,100.82531689996952,0,0,0,20261128,df865d7663648c4a,deadline_hybrid,2,1.0,0.98,8,5,0.5588054457619676,0.5591152462038094,0.5733291757613553,9.91396980068049,67.98065788049475,19.590898557645488,1219200.4659647115,1208295.8375571212,20138.263959285352,2.9512397218799946,4009.5811072852316,1.6804219483328253,61.24127236440022,1000.0,0.32266640779738254,35.935780643182,0.0,0.0023791493233297416,0.0,0.0,0.0010532407407407407,15,60,50,e2_high_d25_source_deadline_hybrid,high,25,source,deadline_hybrid,8,2
11998,11992,7310,10141,10137,6298,23,11969,0,0,159.4901566493949,109.95731105301164,791730.3917668178,155121.93365406772,952645.5460268497,5793.220605974811,15210,637682.242451989,2,0.0,216.15521824951568,6.712118792420349,0,0,5,0.0,35.0,51,119.95731105301164,2126.85810296348,4753.941769996349,297191.93211975734,76.70087943443791,0,0,0,20261129,df865d7663648c4a,deadline_hybrid,2,1.0,0.98,6,4,0.6095730486991328,0.609768294715786,0.6214377280347105,12.935451438798175,79.44008889483403,49.532845596383254,1111379.5931318218,1100547.714808517,18342.461913475283,1.999288517550194,4953.198868662623,1.2783479905739652,93.21454450973233,1000.0,0.38256689270454347,41.92519674240559,0.0,0.0025017965075175425,0.0,0.0,0.0004050925925925926,15,60,50,e2_high_d25_source_deadline_hybrid,high,25,source,deadline_hybrid,9,2
10742,10736,6024,9026,9020,5167,8,10728,0,0,73.97792278874559,41.044693133825234,620949.2085375098,91023.45704038274,713216.8186378621,1244.153059979686,13500,481919.795930249,0,0.0,0.0,2.9986826095563623,0,0,1,0.0,7.0,17,43.044693133825234,253.0224753057283,510.8644174172332,225565.80081851533,35.601217534776836,0,0,0,20261130,df865d7663648c4a,deadline_hybrid,2,1.0,0.98,6,6,0.5611028315946349,0.5613479798920127,0.5731220917349878,8.478339888262177,66.43226701172337,32.93322965492035,1251663.8270942634,1241357.563365065,20689.292722751085,0.7174115522304205,3759.430013641922,0.5933536255796139,30.05084808336666,1000.0,0.3046312071698537,35.69776266149992,0.0,0.0,0.0,0.0,8.101851851851852e-05,15,60,50,e2_high_d25_source_deadline_hybrid,high,25,source,deadline_hybrid,10,2
9340,9334,4628,7811,7806,3972,11,9323,0,0,92.73638545426493,59.9949990802725,518783.0991397535,51626.62866634681,573265.6128438873,2855.885037795246,11753,397384.6558540409,1,0.0,101.16323832837763,3.9203163402608254,0,0,1,0.0,7.0,23,61.9949990802725,973.3466878648,1693.399904828073,189417.29664944593,53.33925170835252,0,0,0,20261131,df865d7663648c4a,deadline_hybrid,2,1.0,0.98,6,5,0.4958217270194986,0.4961456102783726,0.5091537575214441,5.53102942643527,61.41692873836376,32.741386373992434,1345978.5586796142,1337942.6743766319,22299.044572943865,1.0332499846712084,3156.9549441574322,0.888987528472542,73.62608281861186,1000.0,0.252234134066881,33.81133802893226,0.0,0.001170870813985852,0.0,0.0,8.101851851851852e-05,15,60,50,e2_high_d25_source_deadline_hybrid,high,25,source,deadline_hybrid,11,2
10130,10117,4988,8463,8451,4302,32,10085,0,0,278.27477520343064,149.46074543658872,528127.3955894456,81965.60759310314,614988.6650270957,4895.661844554968,12622,399910.54481251666,4,0.0,443.0608349863529,12.992301097126136,0,0,16,0.0,112.0,80,181.46074543658878,1212.3465551004965,2755.068092282141,190230.06117318574,206.26413187091288,0,0,0,20261132,df865d7663648c4a,deadline_hybrid,2,1.0,0.98,13,12,0.4930315310862904,0.4936821322803554,0.5097483161999291,8.10177004972849,60.787650986171364,128.8140297668419,1336311.7672196752,1327763.0191587268,22129.383652645447,3.0243457572764796,3170.5010195530954,3.437735531181881,34.43835115352677,1000.0,0.2576045737668471,31.68361153640601,0.0,0.005128018923453158,0.0,0.0,0.0012962962962962963,15,60,50,e2_high_d25_source_deadline_hybrid,high,25,source,deadline_hybrid,12,2
9975,9969,4952,8353,8348,4255,13,9956,0,0,122.66008012021031,67.15276676514732,565766.1838887528,66338.99979465973,635242.6216104308,3137.4379270218815,12529,436340.1107844879,1,0.0,113.86415901830317,4.694869136626312,0,0,4,0.0,28.0,30,75.15276676514732,1009.9994586715275,1848.4385637963387,207986.71545152928,54.460931300815396,0,0,0,20261133,df865d7663648c4a,deadline_hybrid,2,1.0,0.98,6,5,0.4967398936703782,0.49704260651629073,0.5099964084759967,6.654529019426194,63.72179974023781,55.50731335506299,1305171.617000381,1297055.8318152046,21617.597196920076,1.2525461127524553,3466.445257525488,0.9076821883469233,61.61461879321129,1000.0,0.2749046572220105,34.826411587875164,0.0,0.0013178722108599904,0.0,0.0,0.00032407407407407406,15,60,50,e2_high_d25_source_deadline_hybrid,high,25,source,deadline_hybrid,13,2
11917,11913,6785,10055,10052,5902,20,11893,0,0,145.20485946541388,98.83279302039892,714277.8913144276,64915.63826907043,783495.2721656641,4301.742582179122,14810,564214.8557217568,2,0.0,203.90847041282467,6.544626629390593,0,0,3,0.0,21.0,43,104.83279302039892,1201.8507389307554,2737.0673552989065,260614.68741158294,96.0342121025385,0,0,0,20261134,df865d7663648c4a,deadline_hybrid,2,1.0,0.98,4,3,0.5695458742550156,0.5696903583116556,0.5872700149179513,5.449142807778933,65.76809134270664,46.37206644501495,1179123.338425277,1167585.0667229577,19459.751112049293,1.7472132170066488,4343.578123526382,1.6005702017089751,63.652729192997825,1000.0,0.34493147865262386,38.09688424859938,0.0,0.0023600517408891744,0.0,0.0,0.00024305555555555555,15,60,50,e2_high_d25_source_deadline_hybrid,high,25,source,deadline_hybrid,14,2
10733,10724,5072,8993,8985,4370,37,10687,1,1,309.712412727618,200.29959465784424,546041.6274693583,64219.42873955122,614416.7927789815,4155.736570082778,13095,411328.58268929867,4,0.0,425.85327142274764,14.676719872418849,0,0,21,0.0,147.0,95,242.29959465784435,1494.5070363931504,2548.858434175563,195672.8400966672,232.65161309264008,0,0,0,20261135,df865d7663648c4a,deadline_hybrid,2,1.0,0.98,9,8,0.47295785154792985,0.4733997950246902,0.4868230846213722,5.988383880972699,57.2936211095656,109.41281806977378,1324347.462890177,1315018.5838671557,21916.97639778593,4.038326577630739,3261.2140016111202,3.8775268848773345,26.830088780795403,1000.0,0.2642514095054572,31.411117425681457,0.0,0.004928857308133653,0.0,0.0,0.0017013888888888888,15,60,50,e2_high_d25_source_deadline_hybrid,high,25,source,deadline_hybrid,15,2
10624,10617,5825,9011,9007,5032,14,10603,0,0,112.10984465699467,71.24463212964316,651269.043069408,109041.07734439019,764766.6370590155,4456.516645226267,13491,514411.3909779001,1,0.0,104.36748266868098,4.674312349044168,0,0,3,0.0,21.0,31,77.24463212964314,1438.9191677080394,2931.8710675955717,242618.38597215188,60.60134321844035,0,0,0,20261136,df865d7663648c4a,deadline_hybrid,2,1.0,0.98,7,4,0.5486483940849581,0.5489457831325302,0.5588724891798913,10.270422656531053,72.0322724930786,40.8652125273515,1236258.0294033245,1227118.1293661366,20451.968822768944,1.2874105354940524,4043.6397662025315,1.0100223869740057,94.57648605147006,1000.0,0.31318998366481976,38.129967458149885,0.0,0.0012079569753319559,0.0,0.0,0.00024305555555555555,15,60,50,e2_high_d25_source_deadline_hybrid,high,25,source,deadline_hybrid,16,2
11146,11142,6245,9396,9392,5355,15,11127,1,1,142.87255519938915,86.14103966996122,727512.643771511,112857.96230422526,845133.0955452842,4762.4894695582625,14032,584244.1428789855,2,0.0,207.3733679854804,5.905035249477997,0,0,2,0.0,14.0,32,90.1410396699612,1519.1063903958677,2750.293772746536,272579.9901341747,79.41211908677167,0,0,0,20261137,df865d7663648c4a,deadline_hybrid,2,1.0,0.98,4,4,0.5604918327050799,0.5606495603804055,0.5703490847169008,10.129057826622264,75.85111250630804,56.73151552942794,1177392.5992372911,1167593.0149454605,19459.88358242434,1.50235066116602,4542.999835569578,1.323535318112861,85.94668039832925,1000.0,0.34589300042372717,41.63655522227662,0.0,0.0024001547220541715,0.0,0.0,0.00016203703703703703,15,60,50,e2_high_d25_source_deadline_hybrid,high,25,source,deadline_hybrid,17,2
11582,11571,6341,9757,9747,5488,34,11537,0,0,279.61419725090593,147.35136704613646,634189.5727189099,45862.80397776561,683280.4147167674,3228.038020103564,14347,488297.2076631045,4,0.0,429.8557979516726,13.406362029225809,0,0,21,0.0,147.0,89,189.3513670461365,789.8615332965894,1478.1409173934462,226166.07065169682,209.9108100834859,0,0,0,20261138,df865d7663648c4a,deadline_hybrid,2,1.0,0.98,11,10,0.5480079509117621,0.5484372301847694,0.5634928769088859,3.9635989955721724,59.05111180682459,132.26283020476947,1238573.5292650578,1227503.028455509,20458.383807591817,3.1558561174356083,3769.4345108616135,3.4985135013914315,16.608324914533103,1000.0,0.31190359485274566,34.03479526473162,0.0,0.004975182846662878,0.0,0.0,0.0017013888888888888,15,60,50,e2_high_d25_source_deadline_hybrid,high,25,source,deadline_hybrid,18,2
10459,10452,5535,8766,8760,4782,14,10438,0,0,134.099457874565,72.52720207753079,569449.8086928573,71930.1696604127,645578.9008077492,4198.922454488926,13050,437338.79797500646,2,0.0,212.8467046690306,6.1987439789419945,0,0,2,0.0,14.0,30,76.52720207753079,1134.2747605165466,2600.4031845966783,204708.3550254131,91.77420625209245,0,0,0,20261139,df865d7663648c4a,deadline_hybrid,2,1.0,0.98,7,6,0.5295637198622273,0.5298785734773879,0.5462012320328542,6.881952703828235,61.766063988494956,61.5722557970342,1299280.6535448402,1289500.9114122335,21491.681856870557,1.2754533679588465,3411.8059170902184,1.5295701042015408,86.68010615322261,1000.0,0.27817741469731105,33.51255156896601,0.0,0.0024635035262619283,0.0,0.0,0.00016203703703703703,15,60,50,e2_high_d25_source_deadline_hybrid,high,25,source,deadline_hybrid,19,2
11676,11666,6121,9844,9834,5313,18,11648,0,0,140.70906721598294,86.45721749422582,594556.7014352244,39879.48416381461,637996.1042080487,3559.9186090197163,14266,449659.75225753896,2,0.0,205.36895801221013,5.772771766347947,0,0,8,0.0,56.0,44,102.4572174942258,1593.1074315361586,2527.271081818233,209252.86520897708,71.7412851362947,0,0,0,20261140,df865d7663648c4a,deadline_hybrid,2,1.0,0.98,10,10,0.5246871249785702,0.5250942103460089,0.5407354733848029,3.418436839003481,54.68850541814235,54.251849721757125,1263032.8060092707,1251225.146959697,20853.75244932828,1.70762029157043,3487.547753482951,1.1956880856049117,57.43797913223257,1000.0,0.2983151077726274,31.519679816174047,0.0,0.0023769555325487282,0.0,0.0,0.0006481481481481481,15,60,50,e2_high_d25_source_deadline_hybrid,high,25,source,deadline_hybrid,20,2
10787,10780,5674,9060,9054,4891,10,10770,0,0,84.29832479364653,52.791103574586444,631283.7918987033,109916.56861730429,744958.9759071639,3758.6153911691617,13492,492915.3307764231,0,0.0,0.0,3.693048705128233,0,0,1,0.0,7.0,21,54.79110357458644,849.6649932936604,2724.5287478785576,233840.2521762091,53.18599747971533,0,0,0,20261141,df865d7663648c4a,deadline_hybrid,2,1.0,0.98,7,6,0.5263450834879406,0.5266524520255863,0.5405077262693156,10.19634217229168,69.10565639213023,31.507221219060085,1251920.1032455005,1242647.8016065573,20710.796693442622,0.9131850595764406,3897.3375362701513,0.8864332913285888,129.73946418469322,1000.0,0.3044888315302775,36.53389644058873,0.0,0.0,0.0,0.0,8.101851851851852e-05,15,60,50,e2_high_d25_source_deadline_hybrid,high,25,source,deadline_hybrid,21,2
11445,11441,6976,9600,9596,5971,27,11414,0,0,205.3729206312773,131.5312072291433,825206.2841379168,121732.61437499335,954777.71926733,7838.820754430406,14785,677458.5013369505,2,0.0,229.10803684534528,8.847102547749524,0,0,7,0.0,49.0,61,145.53120722914326,2981.5797680017495,5456.278844067583,315040.493743608,128.70596587517161,0,0,0,20261142,df865d7663648c4a,deadline_hybrid,2,1.0,0.98,4,4,0.6097369111091688,0.6098733071210135,0.6223958333333334,10.640032722226497,83.45229606392186,73.84171340213402,1094514.7736911618,1085077.2226600405,18084.620377667343,2.425520120485721,5250.6748957268,2.14509943125286,89.44719416504235,1000.0,0.3919362368382434,45.82066292437947,0.0,0.0026517133894137187,0.0,0.0,0.0005671296296296297,15,60,50,e2_high_d25_source_deadline_hybrid,high,25,source,deadline_hybrid,22,2
10468,10463,5322,8859,8855,4661,11,10452,0,0,95.92505734447187,60.61866683368893,515648.0326715038,69075.9582593933,587603.6283040275,2879.6373731401163,12920,383164.71297276334,0,0.0,0.0,3.8262816531262134,0,0,0,0.0,0.0,22,60.61866683368893,1079.9595511562607,1901.4111892516103,180940.35734510125,45.16105601570436,0,0,0,20261143,df865d7663648c4a,deadline_hybrid,2,1.0,0.98,5,4,0.5086495269043295,0.5088842185708827,0.5265831357941076,6.601926623281401,56.160147978976156,35.30639051078294,1340676.58976129,1330774.1933966926,22179.569889944876,1.0103111138948155,3015.672622418354,0.7526842669284061,86.42778132961865,1000.0,0.25517967235483885,29.65671153039964,0.0,0.0,0.0,0.0,0.0,15,60,50,e2_high_d25_source_deadline_hybrid,high,25,source,deadline_hybrid,23,2
11959,11950,7395,10031,10024,6359,29,11921,0,0,212.88640163235044,139.81081791456867,791748.2519681511,88126.21650339507,884946.0821082139,5071.6136366757,15047,640779.1557933612,2,0.0,201.3315210310771,8.442183486184234,0,0,8,0.0,56.0,66,155.81081791456867,2131.854639221964,3049.0791323524354,295365.7349514166,98.89063264110654,0,0,0,20261144,df865d7663648c4a,deadline_hybrid,2,1.0,0.98,9,7,0.6188284518828452,0.6191153106447027,0.634632638819659,7.374578786894985,74.0540654483861,73.07558371778177,1104280.6078257076,1093092.8472005446,18218.214120009077,2.5968469652428112,4922.762249190277,1.648177210685109,46.198168672006595,1000.0,0.3865107734301624,42.58517683215001,0.0,0.002330225937859689,0.0,0.0,0.0006481481481481481,15,60,50,e2_high_d25_source_deadline_hybrid,high,25,source,deadline_hybrid,24,2
10658,10651,6393,8952,8945,5459,21,10630,0,0,171.463374098958,106.67014760390057,711697.7601638801,169741.35146516265,888263.8361020635,6824.724473032384,13747,573949.4125009028,2,0.0,214.60729409314888,7.505632739392505,0,0,4,0.0,28.0,46,114.67014760390057,2053.9328206729247,4920.136573356227,269717.0550723636,103.24667539783498,0,0,0,20261145,df865d7663648c4a,deadline_hybrid,2,1.0,0.98,7,7,0.6002253309548399,0.6004878964158379,0.6105898123324397,15.93665866727656,83.3972243077705,64.79322649505744,1182499.0750481214,1173289.815555823,19554.830259263716,1.9111691267316762,4495.28425120606,1.7207779232972495,106.95949072513537,1000.0,0.3430560694177104,41.75088473855407,0.0,0.0024838807186707045,0.0,0.0,0.00032407407407407406,15,60,50,e2_high_d25_source_deadline_hybrid,high,25,source,deadline_hybrid,25,2
11411,11402,6952,9622,9613,5974,22,11380,0,0,186.87918554122723,112.00652725134235,756154.0312799673,159867.93511364172,922382.7575791653,6360.79118556209,14509,609003.6292751558,2,0.0,212.8926990143359,7.918556452537113,0,0,3,0.0,21.0,47,118.00652725134235,1307.3850196091148,4248.0315736950815,285328.92141268606,110.10049052886608,0,0,0,20261146,df865d7663648c4a,deadline_hybrid,2,1.0,0.98,9,9,0.6097175934046658,0.610025414074139,0.6218041987112867,14.02104324799524,80.89657582697468,74.87265828988488,1145609.2411260847,1135497.5279006497,18924.958798344163,1.9667754541890392,4755.482023544768,1.8350081754811012,90.38365050415067,1000.0,0.36355042159661966,41.974197344762274,0.0,0.0024640358682214802,0.0,0.0,0.00024305555555555555,15,60,50,e2_high_d25_source_deadline_hybrid,high,25,source,deadline_hybrid,26,2
11731,11718,6854,9831,9820,5879,27,11691,1,1,203.84432995291215,147.6048371345611,719151.6650564655,81461.63894170767,807035.959516405,6422.655518242844,14666,572073.3688466763,2,0.0,213.53823127834937,8.33396740351045,0,0,9,0.0,63.0,63,165.60483713456108,2472.848049571427,4508.253233512753,265370.5240844027,108.84216862130148,0,0,0,20261147,df865d7663648c4a,deadline_hybrid,2,1.0,0.98,13,11,0.5849121010411333,0.585372091040832,0.5991252161529854,6.951838107331257,68.87147631988437,56.23949281835104,1174881.8547895846,1163952.6486909653,19399.210811516088,2.760080618909351,4422.842068073379,1.814036143688358,71.55957513512305,1000.0,0.3472878584502308,39.006775456612324,0.0,0.002471507306462377,0.0,0.0,0.0007291666666666667,15,60,50,e2_high_d25_source_deadline_hybrid,high,25,source,deadline_hybrid,27,2
11047,11042,6462,9294,9290,5535,9,11033,0,0,89.33469951222952,52.80037400722197,716161.6191828111,75077.21036513364,793690.2938794161,2451.464331479423,13882,573366.7907884668,1,0.0,123.00691547866728,4.4802320590445355,0,0,0,0.0,0.0,18,52.80037400722197,614.0758025643728,1392.3427490656304,265698.2508367186,68.31243672344586,0,0,0,20261148,df865d7663648c4a,deadline_hybrid,2,1.0,0.98,5,4,0.5852200688281108,0.5854078030234453,0.595975898429094,6.799240206949252,71.87921516748924,36.53432550500755,1185078.564186697,1175342.6605759559,19589.044342932597,0.8800062334536994,4428.304180611976,1.1385406120574308,77.35237494809058,1000.0,0.3416230198962795,41.30289517277531,0.0,0.0014236911513734638,0.0,0.0,0.0,15,60,50,e2_high_d25_source_deadline_hybrid,high,25,source,deadline_hybrid,28,2
10180,10174,5484,8580,8574,4722,23,10151,0,0,157.21757722857518,110.3313598351112,606889.8194673416,129910.47867807446,743034.575074919,6234.276929513144,12983,476057.0651621136,2,0.0,209.67216360501766,6.242504730691392,0,0,9,0.0,63.0,55,128.3313598351112,2402.9970162060395,4980.593646025738,225866.74409794193,72.33263384683828,0,0,0,20261149,df865d7663648c4a,deadline_hybrid,2,1.0,0.98,6,6,0.5390210340082563,0.5392927308447937,0.551048951048951,12.768869537848875,73.03268872369954,46.88621739346398,1266780.9280141399,1257977.8062664408,20966.296771107347,2.138855997251853,3764.445734965699,1.2055438974473047,90.55624810955888,1000.0,0.2962328177699223,36.667724344305135,0.0,0.0024267611528358524,0.0,0.0,0.0007291666666666667,15,60,50,e2_high_d25_source_deadline_hybrid,high,25,source,deadline_hybrid,29,2
10920,10917,8033,9159,9157,6790,91,10826,1,1,642.4058692255461,433.43831884695726,551110.3356436393,903631.9242472614,1485946.2041975053,31203.944306619433,15885,393666.3434851692,10,0.0,1094.9005446605513,30.268381699615624,0,0,36,0.0,252.0,218,505.43831884695754,4857.1592342524455,27789.151379622537,238046.55267358953,485.86471678121035,0,0,0,20261120,3bb6173d431907fb,deadline_hybrid,2,1.0,0.98,3,2,0.7358248603096089,0.735897435897436,0.7415656731084179,82.77291602521402,136.11305342104106,208.96755037858884,385084.65253141563,380134.7857545338,6335.579762575563,8.423971980782627,3967.4425445598254,8.097745279686839,127.47317146615843,496.0,0.5686775845302244,24.78226902645069,0.0,0.01267246000764527,0.0,0.0,0.002916666666666667,8,30,24,e2_moderate_d25_source_deadline_hybrid,moderate,25,source,deadline_hybrid,0,2
10819,10818,7741,9148,9147,6602,91,10727,1,1,624.4177488826125,404.7961228852054,538712.7090594026,872102.0128943181,1438904.5571391298,28089.835185412256,15847,381830.62023400597,9,0.0,952.5107130929116,27.746281952792135,0,0,41,0.0,287.0,223,486.7961228852059,4750.421299447767,25200.904771180554,235059.9773242124,394.7955773685248,0,0,0,20261121,3bb6173d431907fb,deadline_hybrid,2,1.0,0.98,1,1,0.715566648178961,0.7155929383492005,0.7217971141233056,80.6158266679902,133.01021973924293,219.62162599740708,401761.4511267051,396751.30892265023,6612.521815377504,8.113268714753431,3917.6662887368734,6.579926289475413,113.00854157480069,496.0,0.5499983746340669,24.09482048551814,0.0,0.011024429549686477,0.0,0.0,0.003321759259259259,8,30,24,e2_moderate_d25_source_deadline_hybrid,moderate,25,source,deadline_hybrid,1,2
12518,12517,9840,10552,10552,8372,111,12406,4,4,828.7672021653761,553.5572916035392,677829.0256974996,1038681.7123854957,1752972.047733834,36461.30965085194,18298,496782.77663491375,11,0.0,1164.8815321249533,38.029066713127214,0,0,47,0.0,329.0,269,647.557291603539,6277.499032077315,32633.114666546433,297001.0078051389,569.6185229008399,0,0,0,20261122,3bb6173d431907fb,deadline_hybrid,2,1.0,0.98,1,0,0.7861308620276424,0.7861479469563828,0.7934040940106141,82.98168190345096,140.0472994913984,275.209910561837,277135.48455135745,271991.6028504191,4533.193380840318,10.79262152672565,4950.016796752315,9.493642048347333,121.3126939276819,496.0,0.6895883909595011,27.149566981905878,0.0,0.013482425140335107,0.0,0.0,0.0038078703703703703,8,30,24,e2_moderate_d25_source_deadline_hybrid,moderate,25,source,deadline_hybrid,2,2
10389,10387,7244,8735,8733,6135,83,10304,1,1,642.5465015062712,399.85681050969185,511222.74768483517,759082.9355301942,1298089.0214970112,27783.33828198425,15113,360116.6321008493,9,0.0,977.7714435530972,28.77453875679931,0,0,25,0.0,175.0,191,449.8568105096918,3721.410642699024,24481.374223297622,221138.66272368183,429.50269388501135,0,0,0,20261123,3bb6173d431907fb,deadline_hybrid,2,1.0,0.98,2,2,0.6974102243188601,0.697468476272981,0.702575844304522,73.08009391837818,124.9724676515848,242.68969099657932,426901.5483049236,421992.1422981427,7033.202371635712,7.497613508494863,3685.6443787280305,7.158378231416856,128.1747341533907,496.0,0.5218396636369584,23.82826917890884,0.0,0.011316799115197885,0.0,0.0,0.002025462962962963,8,30,24,e2_moderate_d25_source_deadline_hybrid,moderate,25,source,deadline_hybrid,3,2
10405,10402,7338,8736,8734,6220,85,10317,2,2,600.5133574388965,424.7060157407,508308.46284327196,829649.5174092647,1365487.0342429508,27529.0539904217,15235,357768.2042512239,9,0.0,938.5401068667247,27.997306100823682,0,0,39,0.0,273.0,209,502.7060157407004,4601.187238039588,24394.547890610338,221994.83506954464,431.99475595000337,0,0,0,20261124,3bb6173d431907fb,deadline_hybrid,2,1.0,0.98,3,2,0.7054412612959047,0.7055261893320519,0.7122252747252747,79.75865385591854,131.27158567996068,175.80734169819647,424914.2761717454,420213.82209949294,7003.563701658216,8.37843359567834,3699.913917825744,7.199912599166723,116.72032483545617,496.0,0.5240655508829017,23.48330845101568,0.0,0.01086273271836487,0.0,0.0,0.003159722222222222,8,30,24,e2_moderate_d25_source_deadline_hybrid,moderate,25,source,deadline_hybrid,4,2
11041,11038,8023,9270,9267,6823,96,10942,3,3,577.188927810004,486.22149586957795,557898.914483208,778997.2562540537,1366613.3716508078,29717.200913558216,16122,399551.4929305926,10,0.0,1052.5536224430637,26.011437382259814,0,0,47,0.0,329.0,239,580.221495869578,5845.567574638377,27101.533244281505,243139.98204483747,399.49677855430303,0,0,0,20261125,3bb6173d431907fb,deadline_hybrid,2,1.0,0.98,3,3,0.7268526907048378,0.7269269087944933,0.736353829557713,70.57413084381714,123.80987240902408,90.96743194042602,378596.54518138384,373928.81908780185,6232.146984796697,9.670358264492966,4052.3330340806247,6.658279642571717,113.3955365869519,496.0,0.5759447298595611,24.78299794880242,0.0,0.012182333593091014,0.0,0.0,0.0038078703703703703,8,30,24,e2_moderate_d25_source_deadline_hybrid,moderate,25,source,deadline_hybrid,5,2
11828,11827,9215,10005,10004,7857,104,11723,1,1,751.6914078424181,459.85160125688503,630093.5104763454,1087820.4145482548,1752819.2182015225,34905.29317693545,17371,459193.7041455137,10,0.0,1055.261135749307,33.33807805678256,0,0,46,0.0,322.0,254,551.8516012568851,5581.784538809609,31152.990394302997,275973.656018584,482.66997483136,0,0,0,20261126,3bb6173d431907fb,deadline_hybrid,2,1.0,0.98,1,1,0.779149403906316,0.7791680757524518,0.785407296351824,91.97771324496955,148.20488866166588,291.8398065855331,318949.2339440157,314753.05184040393,5245.884197340066,9.197526687614753,4599.560933643066,8.044499580522666,122.64956848150786,496.0,0.6427539942383337,26.43450026742926,0.0,0.012213670552654016,0.0,0.0,0.003726851851851852,8,30,24,e2_moderate_d25_source_deadline_hybrid,moderate,25,source,deadline_hybrid,6,2
11430,11426,8415,9643,9641,7170,135,11291,2,2,991.0097102363007,609.6585145462313,570928.9646487063,934713.5174260425,1538893.301721775,33250.81964704184,16676,407128.7233862985,16,0.0,1695.3064888546453,46.32458044733711,0,0,72,0.0,504.0,342,753.6585145462309,5784.234125853789,28819.7638289679,248304.60868955293,704.435540927487,0,0,0,20261127,3bb6173d431907fb,deadline_hybrid,2,1.0,0.98,4,2,0.7364782075967092,0.736570428696413,0.7437519444156383,81.80583908857365,134.6834676808835,381.3511956900694,369236.5743102711,363933.8107754415,6065.563512924025,12.560975242437182,4138.4101448258825,11.740592348791449,84.26831528937983,496.0,0.5864285682008612,24.41405153431869,0.0,0.019621602880262098,0.0,0.0,0.005833333333333334,8,30,24,e2_moderate_d25_source_deadline_hybrid,moderate,25,source,deadline_hybrid,7,2
11393,11393,8485,9621,9621,7234,87,11306,5,5,660.6456246844054,454.5317142678059,577632.3312286402,987201.5698531034,1597830.3472098014,32996.4461280634,16598,412779.3779311925,9,0.0,992.3827456547759,31.03826074686005,0,0,33,0.0,231.0,207,520.531714267806,4441.9488447475205,29145.6990978552,251835.02618710074,481.8370384341423,0,0,0,20261128,3bb6173d431907fb,deadline_hybrid,2,1.0,0.98,0,0,0.7447555516545247,0.7447555516545247,0.7518968922149465,86.64983497350157,140.24667315104023,206.11391041659954,364138.79036795447,359195.78351396666,5986.596391899444,8.6755285711301,4197.250436451679,8.030617307235705,140.8004787336,496.0,0.5921384516487965,24.86922387824994,0.0,0.011485911408041389,0.0,0.0,0.002673611111111111,8,30,24,e2_moderate_d25_source_deadline_hybrid,moderate,25,source,deadline_hybrid,8,2
11998,11996,9358,10141,10140,7966,109,11887,3,3,728.2869347783117,566.7868579364668,634215.0134406375,1108775.47898475,1777649.4479276354,34658.95550226931,17619,459610.4446872844,11,0.0,1206.2882958624357,33.413534269584204,0,0,52,0.0,364.0,270,670.7868579364672,5750.227357433597,31391.536766027762,276949.206175629,481.8934126830511,0,0,0,20261129,3bb6173d431907fb,deadline_hybrid,2,1.0,0.98,2,1,0.7800933644548182,0.7801300216702783,0.7856227196528942,92.4287661707861,148.18684961050644,161.50007684184482,312504.4592105987,307531.141627951,5125.519027132516,11.179780965607787,4615.8201029271495,8.031556878050852,116.26495098528801,496.0,0.6499726039307809,26.086068714869427,0.0,0.013961670091000413,0.0,0.0,0.004212962962962963,8,30,24,e2_moderate_d25_source_deadline_hybrid,moderate,25,source,deadline_hybrid,9,2
10742,10741,7726,9026,9025,6532,77,10664,3,3,581.3856430485091,373.22013620729166,533866.7210718124,904612.0705173383,1466740.8310167876,28262.039427644868,15742,377526.6097691079,9,0.0,963.4112924705703,26.388993425692636,0,0,35,0.0,245.0,189,443.22013620729206,3914.7023309533183,24711.113203930738,231134.4085341856,400.39456460989106,0,0,0,20261130,3bb6173d431907fb,deadline_hybrid,2,1.0,0.98,1,1,0.7192998789684387,0.7193260100539937,0.723797917128296,84.2204702092299,136.55533293145774,208.16550684121745,404408.6706009994,399707.10808275733,6661.7851347126225,7.387002270121534,3852.240142236427,6.673242743498184,130.74663070862823,496.0,0.5470332990580205,23.982124874165155,0.0,0.011150593662853822,0.0,0.0,0.0028356481481481483,8,30,24,e2_moderate_d25_source_deadline_hybrid,moderate,25,source,deadline_hybrid,10,2
9340,9335,6085,7811,7807,5116,62,9273,3,3,502.8511731781743,327.1884061649051,434702.8661835575,680870.3445097446,1137997.6321671356,22424.421473844097,13643,298546.208069902,7,0.0,773.4779288040448,22.65804894789919,0,0,27,0.0,189.0,151,381.1884061649053,3466.92638806272,19984.661029163275,187892.31087764923,332.16907106996985,0,0,0,20261131,3bb6173d431907fb,deadline_hybrid,2,1.0,0.98,5,4,0.6518478843063739,0.6520342612419701,0.6554858532838305,72.93736952434328,121.90654870563853,175.66276701326922,496052.56181899697,491387.67821744405,8189.794636957401,6.353140102748422,3131.538514627487,5.536151184499498,132.34874853750514,496.0,0.44438557143929547,21.882738992149964,0.0,0.008952290842639408,0.0,0.0,0.0021875,8,30,24,e2_moderate_d25_source_deadline_hybrid,moderate,25,source,deadline_hybrid,11,2
10130,10130,6867,8463,8463,5815,79,10051,0,0,551.5676435355255,348.67586964819276,487647.0960649918,723760.4690869604,1237175.4398990958,25767.87474713895,14794,341069.76898471144,8,0.0,856.1638218262758,25.865726757043586,0,0,36,0.0,252.0,194,420.67586964819293,4481.142953314785,22981.986045204445,209715.68294085108,407.8352957273878,0,0,0,20261132,3bb6173d431907fb,deadline_hybrid,2,1.0,0.98,0,0,0.6778874629812438,0.6778874629812438,0.6871085903343968,71.44723288123993,122.12985586368171,202.8917738873327,447215.7004893746,442147.7972899653,7369.129954832755,7.011264494136549,3495.261382347518,6.797254928789797,118.46384559383735,496.0,0.49908635697874715,23.05460112104309,0.0,0.009909303493359674,0.0,0.0,0.002916666666666667,8,30,24,e2_moderate_d25_source_deadline_hybrid,moderate,25,source,deadline_hybrid,12,2
9975,9974,6710,8353,8352,5705,78,9896,1,1,581.5606125862226,348.47094430883766,464195.036847529,738733.9109164102,1228205.194130161,25276.246366224652,14578,319968.1468514286,8,0.0,851.6205300451035,25.32940647850564,0,0,36,0.0,252.0,192,420.47094430883806,4049.832626001959,22407.83279631262,200998.17839896213,357.0747750638591,0,0,0,20261133,3bb6173d431907fb,deadline_hybrid,2,1.0,0.98,1,1,0.672749147784239,0.672781954887218,0.6831078654375673,74.06596259438642,123.14068519452186,233.089668277385,462579.87332555547,457703.96452808,7628.399408801333,7.007849071813967,3349.969639982702,5.951246251064318,116.7074624807949,496.0,0.4818773820278277,21.948699880054097,0.0,0.009856719097744254,0.0,0.0,0.002916666666666667,8,30,24,e2_moderate_d25_source_deadline_hybrid,moderate,25,source,deadline_hybrid,13,2
11917,11915,9181,10055,10053,7806,103,11812,3,3,825.6097748622664,494.4220722915806,630640.1063145173,971263.8639950084,1636986.2358253496,35082.26551584018,17397,459434.7444407536,12,0.0,1307.5305878337726,38.170766641890545,0,0,35,0.0,245.0,241,564.4220722915805,5388.17250872878,30688.485258459135,275356.4218536174,576.2238834546159,0,0,0,20261134,3bb6173d431907fb,deadline_hybrid,2,1.0,0.98,2,2,0.7705413344523709,0.7705798439204498,0.7765290900049726,81.51606076332425,137.38868953632812,331.18770257068576,316061.36872519023,311320.4730657542,5188.674551095904,9.40703453819301,4589.27369756029,9.603731390910266,127.33811310563956,496.0,0.6459886102988461,26.40884890732618,0.0,0.015133455877705702,0.0,0.0,0.0028356481481481483,8,30,24,e2_moderate_d25_source_deadline_hybrid,moderate,25,source,deadline_hybrid,14,2
10733,10731,7528,8993,8991,6370,87,10644,3,3,626.0256800788324,424.16476295448524,530041.933744048,716801.8647967507,1273103.0258308568,26259.227290064213,15447,375284.8779634861,9,0.0,940.4621446924991,28.690781909068896,0,0,39,0.0,273.0,213,502.1647629544855,4336.680479549196,22909.139199422716,228160.675740875,421.89079403122463,0,0,0,20261135,3bb6173d431907fb,deadline_hybrid,2,1.0,0.98,2,2,0.7015189637498835,0.7015745830615857,0.7085510952963416,66.79730358743367,118.63787399411581,201.8609171243471,408027.0724584695,402458.611239532,6707.643520658867,8.369412715908092,3802.6779290145837,7.031513233853744,107.55464412874514,496.0,0.5429804295940082,24.295000839223547,0.0,0.010884978526533555,0.0,0.0,0.003159722222222222,8,30,24,e2_moderate_d25_source_deadline_hybrid,moderate,25,source,deadline_hybrid,15,2
10624,10622,7633,9011,9011,6509,82,10540,2,2,568.9259953383325,398.735889634163,518594.87337542477,911970.0196648221,1459487.1776961621,28922.2846559237,15612,363914.30047919933,9,0.0,957.5616104711615,27.19321220026731,0,0,33,0.0,231.0,197,464.7358896341633,3961.513083529244,25701.075684525735,223338.99083606515,438.9905464524946,0,0,0,20261136,3bb6173d431907fb,deadline_hybrid,2,1.0,0.98,2,0,0.7186028996422519,0.7186558734939759,0.7223393630007768,85.85671433485427,137.40229501940897,170.19010570416953,418143.31310513074,413610.5930411801,6893.509884019669,7.745598160569388,3722.316513934419,7.3165091075415765,130.46231311941997,496.0,0.5316495148912066,23.309909075019174,0.0,0.011082889010082888,0.0,0.0,0.002673611111111111,8,30,24,e2_moderate_d25_source_deadline_hybrid,moderate,25,source,deadline_hybrid,16,2
11146,11146,8152,9396,9396,6901,89,11057,1,1,617.5437471142609,402.27702366714226,558210.1637845683,991699.5553718947,1580539.1396635482,30629.420507097977,16301,396106.69029862934,9,0.0,945.4613811346219,28.544852390358045,0,0,44,0.0,308.0,222,490.27702366714266,4606.416866938338,27549.63319075007,243192.08994909335,436.4215951277707,0,0,0,20261137,3bb6173d431907fb,deadline_hybrid,2,1.0,0.98,0,0,0.7313834559483222,0.7313834559483222,0.7344614729672201,88.97358293306071,141.80326033227598,215.26672344711864,383158.4246745138,378069.963371924,6301.166056198734,8.171283727785712,4053.2014991515557,7.273693252129511,124.0974468051805,496.0,0.5708350978108044,24.299533175794696,0.0,0.010942840059428494,0.0,0.0,0.003564814814814815,8,30,24,e2_moderate_d25_source_deadline_hybrid,moderate,25,source,deadline_hybrid,17,2
11582,11582,8823,9757,9757,7507,102,11480,1,1,688.1861896034027,468.8170461071952,612817.1055016677,919319.2781680506,1565059.2888737174,32922.905204018636,16941,444958.8913229888,10,0.0,1070.5809325105251,30.950451487468364,0,0,39,0.0,273.0,243,546.8170461071956,5466.455468032128,29242.852155472927,268185.3809055578,445.5198579303822,0,0,0,20261138,3bb6173d431907fb,deadline_hybrid,2,1.0,0.98,0,0,0.7617855292695562,0.7617855292695562,0.7693963308393974,79.37482975030656,135.12858650265215,219.36914349620747,330458.09822396305,325377.4772112002,5422.957953520004,9.113617435119926,4469.756348425963,7.425330965506371,120.34095537231657,496.0,0.6298632412366005,26.265208153178015,0.0,0.012390983015168115,0.0,0.0,0.003159722222222222,8,30,24,e2_moderate_d25_source_deadline_hybrid,moderate,25,source,deadline_hybrid,18,2
10459,10457,7387,8766,8764,6284,82,10375,2,2,596.2666734382547,404.5595880156093,511898.47986016114,837826.8809451613,1377328.8085934983,27603.447788185826,15339,360914.734267712,8,0.0,867.0826970725354,26.858570348295117,0,0,34,0.0,238.0,198,472.55958801560973,4625.4645070515,24535.949197987065,222404.71333103435,414.9204007584578,0,0,0,20261139,3bb6173d431907fb,deadline_hybrid,2,1.0,0.98,2,2,0.7064167543272449,0.7064728941581413,0.7170887519963496,80.121151472235,131.71357067930558,191.70708542264538,421501.6435828626,416703.72440627817,6945.062073437969,7.875993133593496,3706.7452221839058,6.915340012640963,123.91893534336901,496.0,0.5278879440156108,23.52922187024656,0.0,0.010035679364265457,0.0,0.0,0.0027546296296296294,8,30,24,e2_moderate_d25_source_deadline_hybrid,moderate,25,source,deadline_hybrid,19,2
11676,11676,8670,9844,9844,7339,113,11563,5,5,761.0953602149948,556.0674041617216,607065.531014875,862514.7909662622,1503260.8447842945,33680.52280317434,17019,440017.8177292191,11,0.0,1157.164686813139,35.41918835326296,0,0,46,0.0,322.0,272,648.0674041617214,6156.180374349078,30053.132334255926,264685.22430555144,543.5382281158915,0,0,0,20261140,3bb6173d431907fb,deadline_hybrid,2,1.0,0.98,0,0,0.7425488180883865,0.7425488180883865,0.745530272247054,73.87074263157436,128.74793120797315,205.02795605327321,339815.7919444819,334556.8846421176,5575.948077368626,10.801123402695357,4411.420405092524,9.058970468598192,110.48945711123503,496.0,0.6193819534672022,25.85450483161285,0.0,0.013393109801077998,0.0,0.0,0.003726851851851852,8,30,24,e2_moderate_d25_source_deadline_hybrid,moderate,25,source,deadline_hybrid,20,2
10787,10785,7620,9060,9058,6471,88,10697,3,3,590.8838689089257,397.5188500038429,522816.6175510709,862708.5391319202,1413779.821733064,28254.66505009048,15600,368014.17343045824,8,0.0,856.7444455097663,26.27457236566287,0,0,41,0.0,287.0,217,479.51885000384306,4772.956429878147,25469.304422401285,226495.52153171366,384.55817013350446,0,0,0,20261141,3bb6173d431907fb,deadline_hybrid,2,1.0,0.98,2,2,0.7065368567454798,0.7065912672661537,0.7144591611479029,79.99151962280206,131.0876051676462,193.36501890508282,412686.1556123775,407728.9232262552,6795.48205377092,7.991980833397384,3774.9253588618944,6.409302835558408,117.37006646267874,496.0,0.5377619224771757,23.590652142978094,0.0,0.009916023674881555,0.0,0.0,0.003321759259259259,8,30,24,e2_moderate_d25_source_deadline_hybrid,moderate,25,source,deadline_hybrid,21,2
11445,11444,8583,9600,9600,7249,87,11357,2,2,651.472074355248,405.00510627180444,590063.4021270463,1105252.0785696856,1728858.6620712536,33543.18137453063,16880,422316.9056707335,8,0.0,850.9185768389101,30.782958644613704,0,0,30,0.0,210.0,204,465.0051062718047,4354.086072218133,30003.445490836617,255619.77640677086,494.0163362673636,0,0,0,20261142,3bb6173d431907fb,deadline_hybrid,2,1.0,0.98,1,0,0.75,0.7500218435998253,0.7551041666666667,96.57917498861286,151.07118682901552,246.46696808344353,356254.75079695147,351760.38737362565,5862.673122893761,7.750085104530078,4260.3296067795145,8.233605604456061,147.07571319037558,496.0,0.6009691411324468,25.018774032626393,0.0,0.009848594639339237,0.0,0.0,0.0024305555555555556,8,30,24,e2_moderate_d25_source_deadline_hybrid,moderate,25,source,deadline_hybrid,22,2
10468,10468,7234,8859,8859,6173,91,10377,1,1,655.8813797728525,474.8921620993871,507528.14159829,778987.067547979,1314564.8849760494,28049.67582979325,15274,356624.3502707415,10,0.0,1099.975093026939,30.167464335870385,0,0,42,0.0,294.0,224,558.8921620993872,4773.999741965515,24835.711492097696,220080.61267107533,464.21308824226475,0,0,0,20261143,3bb6173d431907fb,deadline_hybrid,2,1.0,0.98,0,0,0.6910584638899503,0.6910584638899503,0.6968055085224066,74.41603625792692,125.57937380359662,180.98921767346536,429478.34294264147,424166.79651558143,7069.4466085930235,9.31486936832312,3668.010211184589,7.736884804037746,110.87371201829329,496.0,0.5189534689262528,23.348458181926247,0.0,0.012731193206330312,0.0,0.0,0.0034027777777777776,8,30,24,e2_moderate_d25_source_deadline_hybrid,moderate,25,source,deadline_hybrid,23,2
11959,11957,9275,10031,10029,7875,93,11864,1,1,668.1402820829018,431.6494946761804,638480.6122333544,1070117.043234107,1744815.7622731507,36218.10680570054,17436,465435.3457803563,10,0.0,1070.3745673282149,31.779802247508112,0,0,34,0.0,238.0,220,499.6494946761807,4909.637948939695,32588.80436938639,278506.8596179491,509.1639880451957,0,0,0,20261144,3bb6173d431907fb,deadline_hybrid,2,1.0,0.98,2,2,0.7756962448774777,0.7757337570030939,0.7852656764031503,89.49711827666698,145.9242086035921,236.49078740672138,310133.64525962714,305381.45774962433,5089.690962493739,8.327491577936346,4641.780993632486,8.486066467419928,148.13092895175632,496.0,0.65262808550669,26.69392898487935,0.0,0.012388594529261747,0.0,0.0,0.0027546296296296294,8,30,24,e2_moderate_d25_source_deadline_hybrid,moderate,25,source,deadline_hybrid,24,2
10658,10656,7787,8952,8950,6587,85,10571,0,0,596.2839591860416,364.31611261272343,532211.2550552988,1048130.3748672486,1610798.6899264916,30457.060003960163,15803,377003.2084934595,9,0.0,923.8591621087403,27.676767460130932,0,0,43,0.0,301.0,213,450.3161126127238,4837.944722833301,27737.06474320159,231727.97155166656,426.6467950616061,0,0,0,20261145,3bb6173d431907fb,deadline_hybrid,2,1.0,0.98,2,2,0.730762012012012,0.7308125351848377,0.7360366398570152,98.36058322703158,151.16354072132992,231.96784657331813,407102.4961445669,402822.00427721615,6713.700071286936,7.505268543545397,3862.1328591944425,7.110779917693435,130.2209612356882,496.0,0.5440160213434511,23.85643286043533,0.0,0.010692814376258568,0.0,0.0,0.0034837962962962965,8,30,24,e2_moderate_d25_source_deadline_hybrid,moderate,25,source,deadline_hybrid,25,2
11411,11410,8639,9622,9621,7355,106,11304,1,1,751.333623474871,470.13662771116503,582524.629687795,1096361.9633535615,1711918.3268355278,33031.733794179636,16768,416804.20317351853,12,0.0,1284.7468800523231,35.167575267387626,0,0,51,0.0,357.0,263,572.1366277111656,5211.459699539568,29643.05493607847,256208.6650175642,535.5797963382878,0,0,0,20261146,3bb6173d431907fb,deadline_hybrid,2,1.0,0.98,1,1,0.7571428571428571,0.7571641398650425,0.7644980253585533,96.08781449198611,150.03666317576932,281.196995763706,357731.3199849758,353282.0748109142,5888.034580181903,9.53561046185276,4270.144416959403,8.926329938971463,112.71123549839723,496.0,0.599315277794606,24.857120895367277,0.0,0.014869755556161147,0.0,0.0,0.004131944444444444,8,30,24,e2_moderate_d25_source_deadline_hybrid,moderate,25,source,deadline_hybrid,26,2
11731,11727,9001,9831,9828,7615,142,11585,2,2,986.8139114051351,702.9278243067766,616060.7852305861,993401.3827409188,1644390.368083666,34928.20011217202,17129,447306.6747367865,14,0.0,1476.5007451795773,45.39621735236121,0,0,78,0.0,546.0,362,858.927824306776,6857.9130280993595,31514.151546320143,269817.8316715384,690.165763903197,0,0,0,20261147,3bb6173d431907fb,deadline_hybrid,2,1.0,0.98,4,3,0.7675449816662403,0.7676242434575058,0.7748957379717221,84.71061505422689,140.22259470313517,283.8860870983584,328571.35771341063,323661.31767753675,5394.355294625612,14.315463738446265,4496.9638611923065,11.50276273171995,87.05566725502801,496.0,0.6319765258586351,26.113998174837207,0.0,0.017089128995133995,0.0,0.0,0.006319444444444444,8,30,24,e2_moderate_d25_source_deadline_hybrid,moderate,25,source,deadline_hybrid,27,2
11047,11046,8327,9294,9294,7028,93,10953,1,1,681.0189367768465,430.54491409730275,575143.2208493492,955165.0945537301,1562584.4550874918,32276.13968442972,16159,416016.60453227145,9,0.0,969.2823049164015,30.813707021651403,0,0,42,0.0,294.0,228,514.5449140973031,5509.914519976137,29014.234781048286,251605.71334616808,460.09995864358,0,0,0,20261148,3bb6173d431907fb,deadline_hybrid,2,1.0,0.98,1,0,0.7538475466232121,0.7538698289128271,0.7561867871745211,86.47158198023992,141.46156573307005,250.4740226795438,366922.66025183187,362724.9155709267,6045.415259515445,8.575748568288386,4193.428555769468,7.668332644059666,127.25541570635214,496.0,0.5890203178182887,25.745194908860167,0.0,0.011218545195791683,0.0,0.0,0.0034027777777777776,8,30,24,e2_moderate_d25_source_deadline_hybrid,moderate,25,source,deadline_hybrid,28,2
10180,10180,7124,8580,8580,6057,76,10104,2,2,542.1312067478136,359.16660955273187,494421.3561008109,866529.0349911876,1386703.6059957861,25753.214903809298,15036,346218.391131531,8,0.0,858.746706794134,23.82808566132725,0,0,39,0.0,273.0,191,437.1666095527323,4290.787011594878,22887.627425992672,214105.94144385605,336.1699738436967,0,0,0,20261149,3bb6173d431907fb,deadline_hybrid,2,1.0,0.98,0,0,0.6998035363457761,0.6998035363457761,0.705944055944056,85.12073035276892,136.21842887974324,182.96459719508175,438805.14237602596,433983.78282527125,7233.063047087854,7.286110159212205,3568.4323573976008,5.602832897394945,119.83051008373127,496.0,0.5085067849730892,23.025963762405624,0.0,0.009939197995302476,0.0,0.0,0.003159722222222222,8,30,24,e2_moderate_d25_source_deadline_hybrid,moderate,25,source,deadline_hybrid,29,2
10920,10910,283,9159,9151,282,3,10907,0,0,30.174701612634163,11.988702984816094,136593.17927080297,0.0,136683.16304569627,89.98377490198618,12642,5970.739021395339,0,0.0,0.0,1.4791950649257841,0,0,3,0.0,21.0,9,17.988702984816094,24.227269320121554,24.227269320115738,29257.61850372561,26.431505837365822,0,0,0,20261120,b89efbb737046007,deadline_hybrid,2,1.0,0.98,10,8,0.025939505041246563,0.02683150183150183,0.03166284528878698,0.0,12.528245925361711,18.18599862781807,1664381.4656554533,1653668.4625769202,27561.141042948668,0.29981171641360155,487.6269750620935,0.4405250972894304,2.6919188133461933,1000.0,0.07534363019141488,0.4722938634231402,0.0,0.0,0.0,0.0,0.00024305555555555555,15,60,50,e4_high_d25_source_deadline_hybrid,high,25,source,deadline_hybrid,0,4
10819,10803,378,9148,9134,366,134,10669,3,3,1144.0050493058582,665.0675937047479,134655.73222822172,0.0,138042.52558313427,3386.7933549183435,12627,6434.596422551662,17,0.0,1840.9518476374014,55.228555429122046,0,0,104,0.0,728.0,372,873.0675937047472,734.2431308736967,734.2431308733139,29465.703947924434,891.2570408564574,0,0,0,20261121,b89efbb737046007,deadline_hybrid,2,1.0,0.98,16,14,0.034990280477645096,0.03641741380903965,0.041539134236991695,0.0,12.77816584126023,478.9374556011103,1665389.8237953524,1655015.0253049817,27583.58375508303,14.551126561745786,491.09506579874056,14.85428401427429,1.9737718571863279,1000.0,0.07478343122480424,0.5095902765939385,0.0,0.021307313051358814,0.0,0.0,0.008425925925925925,15,60,50,e4_high_d25_source_deadline_hybrid,high,25,source,deadline_hybrid,1,4
12518,12510,274,10552,10545,270,0,12510,0,0,0.0,0.0,154980.58693979375,0.0,154980.58693978327,0.0,14354,6743.401674958552,0,0.0,0.0,0.0,0,0,0,0.0,0.0,0,0.0,0.0,0.0,32678.43772965674,0.0,0,0,0,20261122,b89efbb737046007,deadline_hybrid,2,1.0,0.98,8,7,0.021902478017585932,0.022527560313149064,0.02625094768764215,0.0,12.388536126281636,0.0,1646332.1478548779,1633660.0501290811,27227.66750215135,0.0,544.6406288276123,0.0,0.0,1000.0,0.08537102896951232,0.46979250905382136,0.0,0.0,0.0,0.0,0.0,15,60,50,e4_high_d25_source_deadline_hybrid,high,25,source,deadline_hybrid,2,4
10389,10380,344,8735,8727,343,1,10379,0,0,6.8009279461170635,4.099735273979688,130129.79994972107,0.0,130143.61770789452,13.817758184377453,12052,5250.5806415734005,0,0.0,0.0,0.22724667847548968,0,0,0,0.0,0.0,2,4.099735273979688,3.028155771375316,3.028155771375168,27908.95561613777,1.5397424504469177,0,0,0,20261123,b89efbb737046007,deadline_hybrid,2,1.0,0.98,9,8,0.03314065510597303,0.03397824622196554,0.04018317115054379,0.0,12.537920781107372,2.701192672137376,1671459.0519657372,1661552.9264531648,27692.548774219413,0.06832892123299479,465.14926026896285,0.025662374174115297,1.514077885687584,1000.0,0.07141163779681259,0.4356605245248424,0.0,0.0,0.0,0.0,0.0,15,60,50,e4_high_d25_source_deadline_hybrid,high,25,source,deadline_hybrid,3,4
10405,10397,375,8736,8730,363,3,10394,0,0,24.2154755316681,13.050794557101444,131309.42442381752,0.0,131399.2954146464,89.87099083819339,12089,6400.684631316564,0,0.0,0.0,0.8683937923385218,0,0,2,0.0,14.0,8,17.050794557101447,35.28301053520906,35.28301053519681,28721.711838099884,8.790154171095951,0,0,0,20261124,b89efbb737046007,deadline_hybrid,2,1.0,0.98,8,6,0.03606809656631721,0.03680922633349351,0.04223901098901099,0.0,12.638193268697353,11.164680974566657,1670481.0341538521,1660331.2165265945,27672.186942109907,0.2841799092850241,478.69519730166473,0.14650256951826585,4.410376316899601,1000.0,0.07195498102563769,0.5294635314183609,0.0,0.0,0.0,0.0,0.00016203703703703703,15,60,50,e4_high_d25_source_deadline_hybrid,high,25,source,deadline_hybrid,4,4
11041,11031,303,9270,9264,296,6,11025,0,0,56.69169162303828,22.987739033759105,136845.96321599247,0.0,136980.2008888844,134.2376729028474,12837,5080.033208726416,0,0.0,0.0,2.330809161910148,0,0,6,0.0,42.0,18,34.987739033759105,28.817567392692467,28.81756739269622,29746.922825361737,29.581953067418137,0,0,0,20261125,b89efbb737046007,deadline_hybrid,2,1.0,0.98,10,6,0.027468044601577372,0.02834888144189838,0.0325782092772384,0.0,12.417750057917178,33.703952589279176,1664384.1979873136,1653610.551650684,27560.175860844734,0.5831289838959851,495.78204708936227,0.49303255112363564,1.600975966260901,1000.0,0.07534211222927023,0.39573367677233123,0.0,0.0,0.0,0.0,0.0004861111111111111,15,60,50,e4_high_d25_source_deadline_hybrid,high,25,source,deadline_hybrid,5,4
11828,11814,354,10005,9994,352,150,11664,0,0,1331.1665161248065,603.1565141430083,145125.31647928566,0.0,148777.7495137817,3652.4330345053313,13895,6831.830579681964,19,0.0,2067.404992142571,63.16296059083531,0,0,123,0.0,861.0,423,849.1565141430062,808.9580967294953,808.9580967291113,32090.168365132213,1016.8038849796404,0,0,0,20261126,b89efbb737046007,deadline_hybrid,2,1.0,0.98,14,11,0.029964448958862366,0.031112614135948596,0.036281859070464766,0.0,12.593342603164185,728.0100019817983,1654389.5275404218,1642866.3975572323,27381.10662595387,14.152608569050104,534.8361394188702,16.946731416327342,1.9124304887213033,1000.0,0.08089470692198786,0.491675464532707,0.0,0.023928298520168645,0.0,0.0,0.009965277777777778,15,60,50,e4_high_d25_source_deadline_hybrid,high,25,source,deadline_hybrid,6,4
11430,11421,347,9643,9636,345,6,11415,1,1,44.395570351249354,26.891185058865503,144438.81084665292,0.0,144580.35837700468,141.54753036128386,13320,7054.286092234892,0,0.0,0.0,2.289262609836303,0,0,6,0.0,42.0,18,38.8911850588655,33.88584090900493,33.885840908980754,31947.35111796587,35.131636019720005,0,0,0,20261127,b89efbb737046007,deadline_hybrid,2,1.0,0.98,9,7,0.030382628491375536,0.03114610673665792,0.03650316291610495,0.0,12.659168056825557,17.50438529238385,1657291.392815569,1646069.6211301473,27434.493685502453,0.6481864176477584,532.4558519660978,0.5855272669953334,1.8825467171655974,1000.0,0.0792825595469061,0.5296010579755924,0.0,0.0,0.0,0.0,0.0004861111111111111,15,60,50,e4_high_d25_source_deadline_hybrid,high,25,source,deadline_hybrid,7,4
11393,11381,443,9621,9613,421,3,11378,0,0,30.489275123638286,12.898742296234555,144660.57760206808,0.0,144787.27575961064,126.69815755249874,13179,9070.875316755495,0,0.0,0.0,1.0676088209391748,0,0,2,0.0,14.0,8,16.898742296234555,47.06516670039096,47.06516670039127,31907.09804461042,8.969254167347223,0,0,0,20261128,b89efbb737046007,deadline_hybrid,2,1.0,0.98,12,8,0.03892452332835428,0.0399368033002721,0.044589959463673216,0.0,12.721841293349499,17.59053282740373,1657398.7584639012,1646158.5011405826,27435.97501900971,0.2816457049372426,531.7849674101736,0.14948756945578706,5.883145837548909,1000.0,0.07922291196449927,0.688282518913081,0.0,0.0,0.0,0.0,0.00016203703703703703,15,60,50,e4_high_d25_source_deadline_hybrid,high,25,source,deadline_hybrid,8,4
11998,11983,497,10141,10130,478,118,11865,0,0,1060.0336110845528,470.02343307788493,151442.16421037813,0.0,154364.85254929386,2922.688338926353,13998,10561.99270758313,15,0.0,1617.4185547578509,50.5418612566886,0,0,97,0.0,679.0,333,664.0234330778845,624.840020653164,624.8400206528349,33408.53249588079,833.8767462650289,0,0,0,20261129,b89efbb737046007,deadline_hybrid,2,1.0,0.98,15,11,0.04147542351664858,0.042673778963160526,0.04822009663741248,0.0,12.881987194299747,590.010178006668,1649594.8712361928,1637768.7156164155,27296.14526027359,11.067057217964742,556.8088749313465,13.897945771083815,1.8763964584169217,1000.0,0.08355840486878185,0.7545358413761344,0.0,0.0187201221615492,0.0,0.0,0.007858796296296296,15,60,50,e4_high_d25_source_deadline_hybrid,high,25,source,deadline_hybrid,9,4
10742,10726,482,9026,9012,465,206,10520,1,1,1807.4580293498846,865.2986863158184,135374.04775210947,0.0,140408.90194207945,5034.854189977039,12768,8483.660363929588,27,0.0,2940.8112270640204,88.89602280367247,0,0,171,0.0,1197.0,583,1207.2986863158158,1014.3145915149339,1014.3145915145687,30561.827994918556,1457.64179089572,0,0,0,20261130,b89efbb737046007,deadline_hybrid,2,1.0,0.98,16,14,0.044937534961775126,0.0463600819214299,0.05306891203190782,0.0,13.090518547648653,942.1593430340662,1664301.06172902,1653500.146013461,27558.335766891018,20.121644771930264,509.36379991530924,24.294029848262003,1.739819196422931,1000.0,0.07538829903943334,0.6644470836411018,0.0,0.03403716697990764,0.0,0.0,0.013854166666666667,15,60,50,e4_high_d25_source_deadline_hybrid,high,25,source,deadline_hybrid,10,4
9340,9328,327,7811,7799,325,0,9328,0,0,0.0,0.0,117669.75389535789,0.0,117669.75389535062,0.0,10891,3598.4811674493194,0,0.0,0.0,0.0,0,0,0,0.0,0.0,0,0.0,0.0,0.0,25317.488721660604,0.0,0,0,0,20261131,b89efbb737046007,deadline_hybrid,2,1.0,0.98,12,12,0.0350557461406518,0.03629550321199144,0.04314428370247087,0.0,12.614682021371207,0.0,1683421.9145763083,1674830.6339094015,27913.843898490024,0.0,421.95814536101005,0.0,0.0,1000.0,0.06476560301316203,0.3304087014460857,0.0,0.0,0.0,0.0,0.0,15,60,50,e4_high_d25_source_deadline_hybrid,high,25,source,deadline_hybrid,11,4
10130,10120,292,8463,8453,289,2,10118,0,0,21.10374724639782,8.50958936124973,127256.4060170931,0.0,127313.78256674485,57.3765496578053,11790,4582.98471771502,0,0.0,0.0,0.9478225325665927,0,0,1,0.0,7.0,5,10.50958936124973,15.154058993884748,15.154058993888611,27018.561113306892,14.631646684682277,0,0,0,20261132,b89efbb737046007,deadline_hybrid,2,1.0,0.98,10,10,0.028853754940711462,0.02981243830207305,0.03533026113671275,0.0,12.580413297109175,12.594157885148089,1673743.9754064023,1664429.5387420186,27740.492312366976,0.1751598226874955,450.3093518884482,0.24386077807803794,3.030811798777722,1000.0,0.07014223588533208,0.38871795739737236,0.0,0.0,0.0,0.0,8.101851851851852e-05,15,60,50,e4_high_d25_source_deadline_hybrid,high,25,source,deadline_hybrid,12,4
9975,9971,278,8353,8350,278,0,9971,0,0,0.0,0.0,125535.84530466268,0.0,125535.84530465669,0.0,11657,4326.86755314551,0,0.0,0.0,0.0,0,0,0,0.0,0.0,0,0.0,0.0,0.0,27081.3063014524,0.0,0,0,0,20261133,b89efbb737046007,deadline_hybrid,2,1.0,0.98,4,3,0.02788085447798616,0.028270676691729325,0.03364060816473123,0.0,12.590095808309767,0.0,1675622.9733360256,1665952.1264724727,27765.86877454121,0.0,451.3551050242067,0.0,0.0,1000.0,0.06909834814665239,0.371181912425625,0.0,0.0,0.0,0.0,0.0,15,60,50,e4_high_d25_source_deadline_hybrid,high,25,source,deadline_hybrid,13,4
11917,11909,313,10055,10048,308,80,11829,2,2,683.6463195413862,331.50962271563003,144794.13583977407,0.0,146667.33176063848,1873.1959208756452,13678,5814.349976155332,11,0.0,1153.6191711573779,34.60857513472133,0,0,61,0.0,427.0,221,453.50962271563026,312.7432927713875,312.7432927712798,30579.641234109295,568.6365598638778,0,0,0,20261134,b89efbb737046007,deadline_hybrid,2,1.0,0.98,8,7,0.026282643378957093,0.026936309473860873,0.0313276976628543,0.0,12.315671488843604,352.1366968257562,1655931.5328478843,1643640.1359866876,27394.002266444793,7.558493711927171,509.6606872351549,9.477275997731295,1.4151280215895015,1000.0,0.08003803730673087,0.4250877303812935,0.0,0.013352073740247428,0.0,0.0,0.00494212962962963,15,60,50,e4_high_d25_source_deadline_hybrid,high,25,source,deadline_hybrid,14,4
10733,10723,277,8993,8986,277,3,10720,0,0,21.923374681128426,12.804752149170817,132487.0246299664,0.0,132543.1970968252,56.17246686894214,12210,3785.0257829816874,0,0.0,0.0,0.9447132475322165,0,0,3,0.0,21.0,9,18.804752149170817,10.979184818502006,10.97918481848319,27844.905236613726,11.386559269499902,0,0,0,20261135,b89efbb737046007,deadline_hybrid,2,1.0,0.98,10,7,0.025832323043924275,0.026739960868349948,0.03158011786945402,0.0,12.360645071045901,9.118622531957609,1668618.41953182,1658587.3234086975,27643.122056811626,0.3134125358195136,464.0817539435621,0.18977598782499835,1.21990942427591,1000.0,0.07298976692676662,0.3099939216201218,0.0,0.0,0.0,0.0,0.00024305555555555555,15,60,50,e4_high_d25_source_deadline_hybrid,high,25,source,deadline_hybrid,15,4
10624,10617,387,9011,9006,373,0,10617,0,0,0.0,0.0,135789.22321290805,0.0,135789.2232129001,0.0,12461,7905.459206583519,0,0.0,0.0,0.0,0,0,0,0.0,0.0,0,0.0,0.0,0.0,29575.52647403893,0.0,0,0,0,20261136,b89efbb737046007,deadline_hybrid,2,1.0,0.98,7,5,0.03645097485165301,0.03708584337349398,0.04194872933081789,0.0,12.78979214588868,0.0,1666138.4729658554,1656136.2866806134,27602.27144467689,0.0,492.92544123398216,0.0,0.0,1000.0,0.07436751501896921,0.6344161148048727,0.0,0.0,0.0,0.0,0.0,15,60,50,e4_high_d25_source_deadline_hybrid,high,25,source,deadline_hybrid,16,4
11146,11139,266,9396,9392,266,0,11139,0,0,0.0,0.0,138606.6976259803,0.0,138606.69762597047,0.0,12869,5310.752002574563,0,0.0,0.0,0.0,0,0,0,0.0,0.0,0,0.0,0.0,0.0,29262.589208712758,0.0,0,0,0,20261137,b89efbb737046007,deadline_hybrid,2,1.0,0.98,7,4,0.0238800610467726,0.024493091692086848,0.028735632183908046,0.0,12.443369927818518,0.0,1662954.7724384563,1652012.4409073945,27533.54068178991,0.0,487.70982014521263,0.0,0.0,1000.0,0.07613623753419096,0.4126779083514308,0.0,0.0,0.0,0.0,0.0,15,60,50,e4_high_d25_source_deadline_hybrid,high,25,source,deadline_hybrid,17,4
11582,11570,247,9757,9747,245,24,11546,0,0,200.57216129056678,95.90573845818632,141059.8492007802,0.0,141645.35823855092,585.5090377811139,13267,4192.59934976216,2,0.0,211.9447078973189,9.448952661504798,0,0,21,0.0,147.0,69,137.90573845818628,156.34263304914873,156.3426330490911,29562.980399834534,148.62700595222114,0,0,0,20261138,b89efbb737046007,deadline_hybrid,2,1.0,0.98,12,10,0.021348314606741574,0.02236228630633742,0.0261350825048683,0.0,12.242468300652629,104.66642283238046,1659945.0117165681,1648753.233108887,27479.220551814782,2.2984289743031048,492.71633999724224,2.477116765870352,2.26583526158103,1000.0,0.07780832682412886,0.3160171364861808,0.0,0.002453063748811561,0.0,0.0,0.0017013888888888888,15,60,50,e4_high_d25_source_deadline_hybrid,high,25,source,deadline_hybrid,18,4
10459,10450,345,8766,8758,344,0,10450,0,0,0.0,0.0,131521.42576913908,0.0,131521.42576913052,0.0,12207,5639.914392229126,0,0.0,0.0,0.0,0,0,0,0.0,0.0,0,0.0,0.0,0.0,28719.799365627252,0.0,0,0,0,20261139,b89efbb737046007,deadline_hybrid,2,1.0,0.98,9,8,0.03301435406698565,0.03384644803518501,0.04015514487793748,0.0,12.585782370251724,0.0,1669680.915472359,1659660.427717682,27661.007128628033,0.0,478.6633227604542,0.0,0.0,1000.0,0.07239949140424506,0.4620229697902127,0.0,0.0,0.0,0.0,0.0,15,60,50,e4_high_d25_source_deadline_hybrid,high,25,source,deadline_hybrid,19,4
11676,11661,326,9844,9829,320,94,11567,1,1,866.3433717628109,381.516708480474,141346.2607961205,0.0,143584.7274515526,2238.466655441858,13379,5522.501039635365,12,0.0,1301.899389338293,39.873369533195515,0,0,73,0.0,511.0,261,527.5167084804742,446.5087864374285,446.508786437269,29772.762398006656,596.8812119446178,0,0,0,20261140,b89efbb737046007,deadline_hybrid,2,1.0,0.98,15,15,0.027956435983191835,0.02920520726276122,0.03403088175538399,0.0,12.313243071053307,484.8266632823369,1658880.1730710333,1647611.7359625832,27460.195599376388,8.791945141341238,496.21270663344427,9.948020199076963,1.7107616338592682,1000.0,0.07839990384942597,0.41277382761307757,0.0,0.015068279969193207,0.0,0.0,0.005914351851851852,15,60,50,e4_high_d25_source_deadline_hybrid,high,25,source,deadline_hybrid,20,4
10787,10768,400,9060,9044,382,100,10668,1,1,898.8517526789426,413.948107055974,134249.9417071894,0.0,136773.3402385248,2523.398531346218,12526,7279.72448118315,13,0.0,1407.9638317182284,43.28873102987824,0,0,75,0.0,525.0,275,563.9481070559743,545.6112554170655,545.6112554168576,29599.58834722677,708.263877959898,0,0,0,20261141,b89efbb737046007,deadline_hybrid,2,1.0,0.98,19,16,0.03714710252600297,0.03884305182163716,0.04392935982339956,0.0,12.701833231660922,484.9036456229686,1666354.6096681505,1656038.8345387946,27600.647242313244,9.399135117599572,493.3264724537795,11.8043979659983,1.9840409287885732,1000.0,0.07424743907324971,0.5811691267110929,0.0,0.01629587768192394,0.0,0.0,0.006076388888888889,15,60,50,e4_high_d25_source_deadline_hybrid,high,25,source,deadline_hybrid,21,4
11445,11437,349,9600,9593,346,0,11437,0,0,0.0,0.0,144997.0278155296,0.0,144997.0278155201,0.0,13431,7873.043355055886,0,0.0,0.0,0.0,0,0,0,0.0,0.0,0,0.0,0.0,0.0,31376.45199061676,0.0,0,0,0,20261142,b89efbb737046007,deadline_hybrid,2,1.0,0.98,8,7,0.030514995191046602,0.031192660550458717,0.036770833333333336,0.0,12.67788998999039,0.0,1656272.694765934,1645210.6906146666,27420.178176911108,0.0,522.9408665102793,0.0,0.0,1000.0,0.07984850290781442,0.5861844505290661,0.0,0.0,0.0,0.0,0.0,15,60,50,e4_high_d25_source_deadline_hybrid,high,25,source,deadline_hybrid,22,4
10468,10458,375,8859,8852,367,29,10429,0,0,247.36240616941555,117.17488654874293,132185.59783743432,0.0,132934.14284068436,748.5450032592489,12203,6228.339667398559,2,0.0,203.68698644649953,11.263330397690735,0,0,28,0.0,196.0,86,173.17488654874293,203.23008779372853,203.2300877936359,29220.893766502875,165.84361487758218,0,0,0,20261143,b89efbb737046007,deadline_hybrid,2,1.0,0.98,10,7,0.03585771658060815,0.036778754298815435,0.04221695450953832,0.0,12.711239514312906,130.18751962067262,1668858.4437481884,1658873.8391651097,27647.897319418495,2.8862481091457157,487.01489610838127,2.764060247959703,2.3631405557399523,1000.0,0.07285642013989535,0.5103941381134606,0.0,0.0023574882690567075,0.0,0.0,0.0022685185185185187,15,60,50,e4_high_d25_source_deadline_hybrid,high,25,source,deadline_hybrid,23,4
11959,11941,307,10031,10017,301,147,11794,7,7,1238.1260824120845,673.7250296429202,143506.85379972495,0.0,147041.01887484523,3534.1650751290726,13747,5192.354586585059,18,0.0,1952.1497166744339,60.189123764741126,0,0,114,0.0,798.0,408,901.7250296429189,748.8354204607789,748.8354204604839,30463.00809328273,965.8216564269081,0,0,0,20261144,b89efbb737046007,deadline_hybrid,2,1.0,0.98,18,14,0.025709739552801272,0.02717618529977423,0.0314026517794836,0.0,12.313961885507515,564.4010527691644,1655830.301702306,1643442.0282180815,27390.70047030136,15.028750494048648,507.71680155471216,16.097027607115134,1.835380932501186,1000.0,0.08009427683205228,0.3777081971764792,0.0,0.022594325424472615,0.0,0.0,0.009236111111111112,15,60,50,e4_high_d25_source_deadline_hybrid,high,25,source,deadline_hybrid,24,4
10658,10645,453,8952,8941,421,45,10600,1,1,366.99782935025354,177.64065371428345,137859.47638485674,0.0,138883.4962239742,1024.0198391289669,12564,9682.949260985713,5,0.0,522.0067537060778,16.80612002444205,0,0,36,0.0,252.0,126,249.64065371428353,233.81554560407807,233.81554560402583,31105.964941347058,248.89330717725792,0,0,0,20261145,b89efbb737046007,deadline_hybrid,2,1.0,0.98,13,11,0.042555190230155,0.043723024957778196,0.04825737265415549,0.0,13.046829142693676,189.3571756359701,1663792.9467663383,1653603.282419477,27560.054706991283,4.160677561904725,518.4327490224509,4.148221786287632,1.8556789333652843,1000.0,0.07567058512981206,0.770690008037704,0.0,0.006041744834561086,0.0,0.0,0.002916666666666667,15,60,50,e4_high_d25_source_deadline_hybrid,high,25,source,deadline_hybrid,25,4
11411,11397,388,9622,9609,376,117,11280,4,4,1006.9998735746783,493.76339691427154,142067.1424359036,0.0,144853.0542777471,2785.911841853187,13335,7047.996642238488,15,0.0,1629.3783083297246,50.45832487345698,0,0,92,0.0,644.0,326,677.7633969142714,500.5154500010806,500.5154500008357,31620.242875310825,846.0469141487448,0,0,0,20261146,b89efbb737046007,deadline_hybrid,2,1.0,0.98,14,13,0.0340440466789506,0.03522916484094295,0.040428185408438996,0.0,12.709752941804608,513.2364766604068,1658678.8688479823,1646967.8965010208,27449.46494168368,11.296056615237857,527.0040479218471,14.10078190247908,1.5353234662602322,1000.0,0.07851173952889878,0.5285336814577044,0.0,0.01885854523529774,0.0,0.0,0.007453703703703704,15,60,50,e4_high_d25_source_deadline_hybrid,high,25,source,deadline_hybrid,26,4
11731,11720,313,9831,9821,310,5,11715,0,0,36.86535053937976,22.157923387011827,145412.74818117818,0.0,145510.94530403902,98.19712286948925,13542,6301.162432948078,0,0.0,0.0,1.6441574737446336,0,0,4,0.0,28.0,14,30.15792338701183,19.872900532731034,19.87290053271863,31214.600692349773,19.642573693734953,0,0,0,20261147,b89efbb737046007,deadline_hybrid,2,1.0,0.98,11,10,0.026706484641638224,0.027619128804023528,0.03255009663309938,0.0,12.41560966758012,14.707427152367934,1655643.812809156,1644004.2997794894,27400.07166299149,0.5026320564501972,520.2433448724962,0.3273762282289159,1.4194928951941879,1000.0,0.08019788177269105,0.4653051567676915,0.0,0.0,0.0,0.0,0.00032407407407407406,15,60,50,e4_high_d25_source_deadline_hybrid,high,25,source,deadline_hybrid,27,4
11047,11036,301,9294,9284,299,48,10988,1,1,452.3163490770581,207.2327399308521,135722.0978281634,0.0,136940.78391844354,1218.6860902863045,12711,5553.323336921529,6,0.0,655.437925263983,21.283050436669427,0,0,37,0.0,259.0,133,281.23273993085223,258.0174323678923,258.0174323678002,28547.01881732318,351.7964669172966,0,0,0,20261148,b89efbb737046007,deadline_hybrid,2,1.0,0.98,11,10,0.027274374773468647,0.02824296189010591,0.03324725629438347,0.0,12.408552366658531,245.083609146206,1664875.9382410538,1653978.2424908113,27566.304041513522,4.687212332180871,475.78364695538636,5.86327444862161,1.9399806944947384,1000.0,0.0750689231994145,0.4368911444356485,0.0,0.0075860870979627655,0.0,0.0,0.0029976851851851853,15,60,50,e4_high_d25_source_deadline_hybrid,high,25,source,deadline_hybrid,28,4
10180,10167,472,8580,8568,446,65,10102,1,1,565.7610862376104,267.2978678641876,131297.13012346133,0.0,132957.87336189055,1660.7432384402491,12061,8528.879934554334,8,0.0,853.022057695841,26.651893377414467,0,0,59,0.0,413.0,189,385.29786786418794,383.2972962352853,383.29729623519233,29410.18724818379,426.9321873558866,0,0,0,20261149,b89efbb737046007,deadline_hybrid,2,1.0,0.98,13,12,0.04642470738664306,0.04764243614931238,0.05337995337995338,0.0,13.077394842322274,298.46321837342276,1670083.1371013646,1660635.5132079946,27677.258553466578,6.421631131069799,490.16978746972984,7.115536455931443,2.028028022408425,1000.0,0.0721760349436864,0.7071453390725756,0.0,0.009872940482590752,0.0,0.0,0.004780092592592593,15,60,50,e4_high_d25_source_deadline_hybrid,high,25,source,deadline_hybrid,29,4
10920,10912,695,9159,9152,669,238,10674,3,3,2009.8833574231496,1006.3609381372421,154483.5101754957,242.00949179330928,161122.99894007607,6397.479272797045,14727,13672.956350437249,29,0.0,3118.9849241485103,96.68284119417528,0,0,193,0.0,1351.0,669,1392.3609381372373,1777.3081127957162,1788.603248516445,47520.00347322014,1551.4841313674738,0,0,0,20261120,cbcd676881758af8,deadline_hybrid,2,1.0,0.98,8,7,0.06369134897360704,0.06437728937728937,0.0738071841904138,0.022178289203932302,14.765670723980579,1003.5224192859075,736313.7591506796,719871.1043579918,11997.851739299864,23.206015635620624,792.0000578870023,25.858068856124564,2.6735474566763004,496.0,0.1752758074029127,0.9284278094952977,0.0,0.036099362548015164,0.0,0.0,0.015636574074074074,8,30,24,e4_moderate_d25_source_deadline_hybrid,moderate,25,source,deadline_hybrid,0,4
10819,10800,751,9148,9130,714,445,10355,7,7,3765.6102698372283,1867.1741622383825,149151.26423582563,970.0165076959129,162201.43160481594,12080.150861302898,14859,12534.811493849458,56,0.0,6027.443532665768,182.95724738919608,0,0,355,0.0,2485.0,1245,2577.1741622383847,3275.5774939970215,3312.4912666660293,46931.55590007284,2991.9787471825257,0,0,0,20261121,cbcd676881758af8,deadline_hybrid,2,1.0,0.98,19,18,0.06953703703703704,0.07117108790091506,0.080017490161784,0.08981634330517711,15.018651074519994,1898.4361075988459,739696.6166546168,723225.5819172101,12053.75969862017,42.95290270397308,782.1925983345474,49.86631245304209,2.660635555555044,496.0,0.1714867644997572,0.8435837871895456,0.0,0.0697620779243723,0.0,0.0,0.028761574074074075,8,30,24,e4_moderate_d25_source_deadline_hybrid,moderate,25,source,deadline_hybrid,1,4
12518,12504,897,10552,10542,851,358,12146,13,13,3019.8755638650723,1558.7463723106475,175797.48603053778,371.7192033723386,186334.58779859153,10165.38256469215,16826,17998.607253458016,46,0.0,4933.474629811416,148.00423889434254,0,0,297,0.0,2079.0,1013,2152.7463723106416,2943.515249806806,2978.1028375266505,54469.66466281173,2401.516732083568,0,0,0,20261122,cbcd676881758af8,deadline_hybrid,2,1.0,0.98,14,10,0.07173704414587333,0.0727752037066624,0.0815959059893859,0.02972802330233034,14.901998384404314,1461.1291915544248,713365.867550967,693622.5742567412,11560.376237612354,35.87910620517736,907.8277443801956,40.025278868059466,2.9398843410924487,496.0,0.2009790910047412,1.069690196924879,0.0,0.0571004008080025,0.0,0.0,0.0240625,8,30,24,e4_moderate_d25_source_deadline_hybrid,moderate,25,source,deadline_hybrid,2,4
10389,10379,764,8735,8726,732,332,10047,8,8,2910.4870936549173,1498.954981830675,144237.98958265252,363.4771814427986,153727.8396354961,9126.372871411233,14178,11555.697185493198,41,0.0,4444.323567728491,136.63784966986097,0,0,279,0.0,1953.0,943,2056.9549818306673,2513.827358936844,2532.554627414538,44593.897930022,2164.892689393725,0,0,0,20261123,cbcd676881758af8,deadline_hybrid,2,1.0,0.98,10,9,0.0736101743905964,0.07450187698527289,0.08483113909559245,0.035020443341632006,14.81143073855825,1411.5321118242423,745834.0652270928,730736.225501948,12178.937091699134,34.28258303051112,743.2316321670334,36.081544823228754,2.685635872125703,496.0,0.1646123821381129,0.8150442365279446,0.0,0.05143893018204272,0.0,0.0,0.022604166666666668,8,30,24,e4_moderate_d25_source_deadline_hybrid,moderate,25,source,deadline_hybrid,3,4
10405,10398,731,8736,8731,696,257,10141,7,7,2244.7525504129662,1160.5503938037,146354.46784626305,1276.405438975733,154745.68646593543,7114.813180706071,14065,12702.03673998,33,0.0,3588.847480856594,109.71111168499984,0,0,209,0.0,1463.0,723,1578.5503938036952,1856.3242156931276,1870.4282596736994,45042.2222004819,1778.277832677124,0,0,0,20261124,cbcd676881758af8,deadline_hybrid,2,1.0,0.98,7,5,0.0703019811502212,0.07092743873137915,0.080242673992674,0.12275489892053597,14.882254901513313,1084.2021566092662,745127.2447247491,729954.2601801543,12165.904336335905,26.309173230061585,750.703703341365,29.637963877952068,2.58703770355975,496.0,0.16540407176887417,0.9030953956615713,0.0,0.04153758658398835,0.0,0.0,0.01693287037037037,8,30,24,e4_moderate_d25_source_deadline_hybrid,moderate,25,source,deadline_hybrid,4,4
11041,11033,636,9270,9264,610,110,10923,5,5,945.6528542779023,512.8650615079382,156512.79118463627,80.11880454165657,159890.680226705,3297.770237538305,14822,12752.236052389999,14,0.0,1496.377891972087,46.72322231670708,0,0,88,0.0,616.0,308,688.8650615079375,940.3965570939157,942.5399850631911,47385.41809212799,799.0439456182798,0,0,0,20261125,cbcd676881758af8,deadline_hybrid,2,1.0,0.98,8,6,0.057645246079941995,0.05832804999547143,0.06645091693635383,0.007261742458230452,14.492040263455543,432.7877927699641,736144.5457491264,720064.9773228187,12001.082955380312,11.481084358465626,789.7569682021332,13.317399093637997,3.0601947566986727,496.0,0.17546533854264523,0.8603586595864255,0.0,0.017319188564491748,0.0,0.0,0.00712962962962963,8,30,24,e4_moderate_d25_source_deadline_hybrid,moderate,25,source,deadline_hybrid,5,4
11828,11814,836,10005,9995,797,440,11374,10,10,3701.9940884222715,1832.442482029366,164480.8273895089,187.1187400192175,176533.42943046952,11865.483300952632,16157,15921.949635141946,54,0.0,5777.075095619765,175.68682483936857,0,0,348,0.0,2436.0,1228,2528.4424820293702,3473.0656254451083,3478.975154463262,52450.863424350246,2774.4819259178294,0,0,0,20261126,cbcd676881758af8,deadline_hybrid,2,1.0,0.98,14,10,0.07076350093109869,0.07186337504227257,0.08065967016491754,0.015838728628679324,14.942731456785976,1869.5516063929056,723516.2851752614,705194.2427049739,11753.237378416232,42.14070803382284,874.1810570725041,46.24136543196382,2.8330416567290406,496.0,0.18960989563702801,0.9854521034314505,0.0,0.06686429508819172,0.0,0.0,0.028194444444444446,8,30,24,e4_moderate_d25_source_deadline_hybrid,moderate,25,source,deadline_hybrid,6,4
11430,11422,808,9643,9636,772,270,11152,2,2,2326.683099890802,1119.0735757334023,162725.45316373813,401.5481285040569,170678.34062836095,7551.339336129113,15463,15344.165892422629,33,0.0,3567.3957966813846,112.0349910400646,0,0,223,0.0,1561.0,763,1565.0735757333966,2032.0255078663877,2068.284371117583,50756.95751077565,1805.5844348102705,0,0,0,20261127,cbcd676881758af8,deadline_hybrid,2,1.0,0.98,8,7,0.07074067588863596,0.07139107611548556,0.08078398838535725,0.035155675757665636,14.9429469995063,1207.6095241573998,728441.610788418,711449.225737599,11857.48709562665,26.08455959555661,845.9492918462607,30.093073913504508,2.7107265676508296,496.0,0.18409317788035617,0.9923149383963414,0.0,0.04128930320233084,0.0,0.0,0.01806712962962963,8,30,24,e4_moderate_d25_source_deadline_hybrid,moderate,25,source,deadline_hybrid,7,4
11393,11382,861,9621,9613,809,337,11045,5,5,2842.0475608035267,1371.7104046761558,159611.88729647108,2157.520400092897,170975.3973245352,9205.989627982457,15420,14914.40980398763,41,0.0,4392.752127409614,137.06050138591323,0,0,278,0.0,1946.0,952,1927.7104046761478,2710.7073250436893,2778.6341739530853,50180.22282242799,2226.9787969888766,0,0,0,20261128,cbcd676881758af8,deadline_hybrid,2,1.0,0.98,11,8,0.07564575645756458,0.07653822522601597,0.08491840764993244,0.1895554735628973,15.021560123399684,1470.337156127371,730714.848750279,713864.2744797549,11897.737907995914,32.12850674460246,836.3370470404665,37.116313283147946,2.91873337600114,496.0,0.1815469884069455,0.9672120495452419,0.0,0.05084203851168535,0.0,0.0,0.02252314814814815,8,30,24,e4_moderate_d25_source_deadline_hybrid,moderate,25,source,deadline_hybrid,8,4
11998,11986,1131,10141,10132,1050,466,11520,4,4,3960.612004662198,1928.3199911433026,171518.55270408816,2484.2214732426,187130.6301380334,13127.8559607142,16478,20478.946733368313,60,0.0,6387.163196952368,191.11995709257582,0,0,381,0.0,2667.0,1313,2690.3199911433057,3767.3874849737053,3839.345448649061,55447.312301486345,3104.540520493601,0,0,0,20261129,cbcd676881758af8,deadline_hybrid,2,1.0,0.98,12,9,0.09436008676789588,0.09526587764627438,0.1044275712454393,0.20726025973991324,15.612433684134272,2032.2920135188956,717284.1185439657,698628.87708472,11643.814618078666,44.838666519055096,924.1218716914391,51.742342008226686,2.9241016364425443,496.0,0.19659036901437532,1.2428053606850535,0.0,0.07392549996472648,0.0,0.0,0.030868055555555555,8,30,24,e4_moderate_d25_source_deadline_hybrid,moderate,25,source,deadline_hybrid,9,4
10742,10724,917,9026,9010,864,481,10243,9,9,4141.803675316752,2044.7039123525592,150611.99015295788,1444.50408053528,165498.60223485754,13442.108001371591,14854,15076.333156061384,62,0.0,6660.992322982838,203.13776899302,0,0,383,0.0,2681.0,1345,2810.7039123525706,3665.118579840815,3705.2812134395244,48382.630819555634,3348.6953556654394,0,0,0,20261130,cbcd676881758af8,deadline_hybrid,2,1.0,0.98,18,16,0.08550913838120104,0.08704151927015454,0.09749612231331709,0.13469825443260725,15.432544035328005,2097.0997629641925,737914.724232189,721033.4809796746,12017.224682994576,46.845065205876175,806.3771803259273,55.81158926109065,2.7548559207728807,496.0,0.1734826117471001,1.0149678979440813,0.0,0.07709481855304211,0.0,0.0,0.031030092592592592,8,30,24,e4_moderate_d25_source_deadline_hybrid,moderate,25,source,deadline_hybrid,10,4
9340,9328,574,7811,7799,551,222,9106,4,4,1942.21768451402,914.8586138591443,130744.05740974707,9.222488378172784,136489.02040789073,5735.740509773215,12753,8563.097827834557,29,0.0,3088.4226060120213,94.30498804201754,0,0,180,0.0,1260.0,624,1274.8586138591393,1380.0099534520584,1383.7150272368344,39498.832477718985,1540.4338234470313,0,0,0,20261131,cbcd676881758af8,deadline_hybrid,2,1.0,0.98,12,12,0.06153516295025729,0.06274089935760171,0.07207783894507745,0.0009886887197869622,14.63218486362465,1027.3590706548757,760861.8900889071,747420.6100513107,12457.010167521845,21.247643564318988,658.3138746286497,25.67389705745052,2.2174920308282604,496.0,0.14778014102944992,0.6714575259024981,0.0,0.03574563201402803,0.0,0.0,0.014583333333333334,8,30,24,e4_moderate_d25_source_deadline_hybrid,moderate,25,source,deadline_hybrid,11,4
10130,10120,702,8463,8453,665,233,9887,3,3,2091.2628146811303,952.2483631544426,143478.25886110286,707.6531460335063,150730.46519517543,6544.553188045167,13800,12029.80065465819,30,0.0,3249.4724788231824,99.05908906862024,0,0,193,0.0,1351.0,659,1338.2483631544387,1885.9059274530541,1897.6258122482213,43791.399858144454,1609.04900439198,0,0,0,20261132,cbcd676881758af8,deadline_hybrid,2,1.0,0.98,10,10,0.06936758893280633,0.0702862783810464,0.07975895072669266,0.06992620020093936,14.894314742606268,1139.0144515266877,747323.9176296234,732391.999216245,12206.53332027075,22.304139385907312,729.8566643024076,26.817483406532997,2.8795535845951767,496.0,0.16294364064782318,0.8717246851201587,0.0,0.03760963517156461,0.0,0.0,0.015636574074074074,8,30,24,e4_moderate_d25_source_deadline_hybrid,moderate,25,source,deadline_hybrid,12,4
9975,9972,610,8353,8350,589,75,9897,1,1,632.769544773655,317.1147315644204,143571.65796168408,397.16499530755027,146444.16118067884,2475.3382236944854,13498,11179.55915482879,9,0.0,1004.734091177196,32.05915859852451,0,0,55,0.0,385.0,205,427.11473156442065,786.8994508707348,799.5269511431015,43338.16069397028,561.9618838269738,0,0,0,20261133,cbcd676881758af8,deadline_hybrid,2,1.0,0.98,3,3,0.06117127958283193,0.06145363408521303,0.07087274033281456,0.03982801798110211,14.685535617797719,315.65481320923453,749312.412200197,735189.3389318798,12253.155648864664,7.118578859407011,722.302678232838,9.36603139711623,3.900131468990739,496.0,0.16071638418436718,0.8282381949050815,0.0,0.011628866796032361,0.0,0.0,0.004456018518518519,8,30,24,e4_moderate_d25_source_deadline_hybrid,moderate,25,source,deadline_hybrid,13,4
11917,11910,823,10055,10049,790,497,11413,13,13,4227.400015598099,2146.3895299681244,162716.35516179,40.677872173571814,176057.95353130117,13300.920497349056,16156,15380.788557510787,65,0.0,6967.25469059563,205.20220793861665,0,0,394,0.0,2758.0,1388,2934.3895299681394,3447.3287326896334,3450.6003557331005,50805.87610343064,3362.096178936361,0,0,0,20261134,cbcd676881758af8,deadline_hybrid,2,1.0,0.98,7,6,0.06910159529806885,0.06964840144331627,0.07916459472899055,0.003415438469653385,14.782363856532424,2081.010485629975,725552.1657993486,706249.8079812563,11770.830133020938,48.906492166135656,846.764601723844,56.03493631560602,2.4860233110469023,496.0,0.18732956339678697,0.9520171179444656,0.0,0.08063952188189386,0.0,0.0,0.031921296296296295,8,30,24,e4_moderate_d25_source_deadline_hybrid,moderate,25,source,deadline_hybrid,14,4
10733,10723,638,8993,8986,621,169,10554,5,5,1438.9368003717932,723.9719408805697,150651.34119842766,29.344985377552803,155547.49819817767,4866.8120143816595,14298,11567.943966127892,20,0.0,2158.432898215807,69.29775684762338,0,0,136,0.0,952.0,474,995.9719408805671,1426.5338418697986,1428.4908016787977,45437.65297694879,1144.6747204380308,0,0,0,20261135,cbcd676881758af8,deadline_hybrid,2,1.0,0.98,10,7,0.05949827473654761,0.06037454579334762,0.06983209162682086,0.0027366395017768166,14.50596831093702,714.9648594912235,740979.6584478046,725582.1150477885,12093.035250796474,16.59953234800945,757.2942162824799,19.077912007300515,3.0136936744278433,496.0,0.1700496657170647,0.8090602857831789,0.0,0.02498186224786814,0.0,0.0,0.011018518518518518,8,30,24,e4_moderate_d25_source_deadline_hybrid,moderate,25,source,deadline_hybrid,15,4
10624,10615,858,9011,9005,812,367,10248,4,4,3102.326063630696,1499.1259330032738,151293.46419544637,1244.9013868126858,162423.74352379423,9885.377941543926,14664,15460.709653193948,45,0.0,4824.128374798282,149.2332447222242,0,0,300,0.0,2100.0,1034,2099.125933003266,2737.4273125461696,2753.1807096283883,47835.60825015642,2453.2442306597477,0,0,0,20261136,cbcd676881758af8,deadline_hybrid,2,1.0,0.98,9,6,0.08082901554404145,0.08160768072289157,0.09077793807568528,0.11727756823482674,15.301341829844016,1603.2001306274221,738593.2413460484,722739.2923413521,12045.654872355868,34.985432216721094,797.2601375026071,40.88740384432913,2.6626505895825807,496.0,0.17272262394035798,1.0543309910797838,0.0,0.05583481915275789,0.0,0.0,0.024305555555555556,8,30,24,e4_moderate_d25_source_deadline_hybrid,moderate,25,source,deadline_hybrid,16,4
11146,11138,749,9396,9391,719,251,10887,7,7,2168.9126517941827,1081.045962838743,157905.66305183797,150.7004445559396,165234.77944294043,7178.415946558831,15087,14380.342212930758,32,0.0,3480.8336684713468,106.34867860548094,0,0,190,0.0,1330.0,692,1461.045962838738,1992.1094966838884,2012.734716353043,48655.68984097972,1757.284913948715,0,0,0,20261137,cbcd676881758af8,deadline_hybrid,2,1.0,0.98,8,5,0.067247261626863,0.06791674143190382,0.07705406555981269,0.013530296692039829,14.835228895936472,1087.8666889554397,733197.4995052041,715961.9017056568,11932.698361760946,24.350766047312298,810.9281640163287,29.28808189914525,2.9085761797009293,496.0,0.1787662415936333,0.9531611462140093,0.0,0.04028742671841837,0.0,0.0,0.015393518518518518,8,30,24,e4_moderate_d25_source_deadline_hybrid,moderate,25,source,deadline_hybrid,17,4
11582,11572,612,9757,9749,589,205,11367,3,3,1742.3633875974265,842.0842138733823,160735.26482611627,262.00329089160186,166452.21014856157,5454.942031564275,15536,11597.34601021712,25,0.0,2695.9365431788187,83.70860582400518,0,0,174,0.0,1218.0,584,1190.0842138733776,1514.0058931129624,1522.8065727663052,48404.69418827037,1352.627006213333,0,0,0,20261138,cbcd676881758af8,deadline_hybrid,2,1.0,0.98,10,8,0.05288627722087798,0.053704023484717665,0.0611868402172799,0.02264114162561371,14.384048578340959,900.2791737240442,730803.5022138243,713377.9048160127,11889.631746933544,19.834736897889627,806.7449031378395,22.543783436888884,2.6075455013121664,496.0,0.1814476901726878,0.7464821067338516,0.0,0.031202969249754846,0.0,0.0,0.014097222222222223,8,30,24,e4_moderate_d25_source_deadline_hybrid,moderate,25,source,deadline_hybrid,18,4
10459,10447,770,8766,8755,745,210,10237,3,3,1825.022830177146,866.7716190815412,148286.8615172082,519.0015670600569,154610.57899220107,5804.715907943597,14265,12604.303856424343,27,0.0,2907.6213596073203,88.30086805039329,0,0,176,0.0,1232.0,596,1218.7716190815365,1519.3978617401754,1523.6793247443693,45774.76187283053,1452.7580594426142,0,0,0,20261139,cbcd676881758af8,deadline_hybrid,2,1.0,0.98,12,11,0.07370536996266872,0.07476814226981547,0.08624229979466119,0.0496794837809952,14.799519382808565,958.2512110956048,743228.2272082699,727870.9023581935,12131.181705969891,20.31286031802561,762.9126978805089,24.21263432404357,2.5565089341348477,496.0,0.1675311075176189,0.8835824645232627,0.0,0.0336530249954551,0.0,0.0,0.01425925925925926,8,30,24,e4_moderate_d25_source_deadline_hybrid,moderate,25,source,deadline_hybrid,19,4
11676,11661,712,9844,9831,672,295,11366,2,2,2551.7086535256717,1217.455841473039,159794.54979916473,194.57281799332122,168281.60375090447,8292.481133759,15607,12669.137563794693,39,0.0,4205.008856584809,127.37547107242531,0,0,237,0.0,1659.0,827,1691.4558414730325,2254.95849634276,2265.0315009364494,48531.87062906824,2115.7118697348633,0,0,0,20261140,cbcd676881758af8,deadline_hybrid,2,1.0,0.98,15,13,0.06105822828230855,0.06226447413497773,0.06958553433563593,0.01668577463282062,14.431146878561398,1334.2528120526326,730358.3737897933,712659.8751480572,11877.664585800954,28.190930691217208,808.8645104844707,35.26186449558106,2.7388530845664443,496.0,0.18194626591645013,0.8117599515470425,0.0,0.04866908398825011,0.0,0.0,0.01920138888888889,8,30,24,e4_moderate_d25_source_deadline_hybrid,moderate,25,source,deadline_hybrid,20,4
10787,10775,845,9060,9050,800,366,10409,9,9,3233.444961723775,1587.9454288786999,150363.37941470288,1051.3388463365955,161708.72033679672,10294.002075768034,14668,14190.254083179747,48,0.0,5104.991723782399,155.72478146979796,0,0,284,0.0,1988.0,1016,2155.9454288786933,2814.2012878221967,2836.1651875812695,47344.43755474182,2529.7221654686136,0,0,0,20261141,cbcd676881758af8,deadline_hybrid,2,1.0,0.98,12,10,0.07842227378190256,0.07944748308148697,0.08940397350993377,0.09757205070409239,15.007769868844242,1645.4995328450752,739494.7773349977,723620.691349747,12060.344855829117,35.932423814644885,789.073959245697,42.16203609114356,2.7915011688792024,496.0,0.17171283900649903,0.9674293757280984,0.0,0.059085552358592586,0.0,0.0,0.02300925925925926,8,30,24,e4_moderate_d25_source_deadline_hybrid,moderate,25,source,deadline_hybrid,21,4
11445,11434,949,9600,9590,899,266,11168,5,5,2319.2475473986415,1148.6052625622574,166378.54926639842,367.24758267888683,174298.95177544397,7553.154926377776,15626,19032.377792530988,34,0.0,3640.615366429756,111.23883058609262,0,0,215,0.0,1505.0,747,1578.605262562251,2100.9137093737845,2115.541594182794,51973.693671165005,1786.1075777336914,0,0,0,20261142,cbcd676881758af8,deadline_hybrid,2,1.0,0.98,11,10,0.08299807591394087,0.08387942332896461,0.0946875,0.0321189070035759,15.243917419577048,1170.642284836384,724171.3041612166,707112.7505713894,11785.212509523157,26.31008770937085,866.2282278527501,29.768459628894856,2.8320503268845973,496.0,0.18887622741799215,1.2179942270914494,0.0,0.042136751926270324,0.0,0.0,0.017418981481481483,8,30,24,e4_moderate_d25_source_deadline_hybrid,moderate,25,source,deadline_hybrid,22,4
10468,10457,670,8859,8851,646,151,10306,3,3,1257.230364906264,629.1112350928071,148287.0343764676,1417.4377082399224,154011.2964433493,4306.824358652902,14131,11181.548464955162,19,0.0,2020.3709974025592,61.82350489002911,0,0,124,0.0,868.0,426,877.1112350928046,1256.9247705622952,1266.2564171050217,45490.63738287429,1034.7721469893322,0,0,0,20261143,cbcd676881758af8,deadline_hybrid,2,1.0,0.98,11,8,0.06407191355073157,0.06505540695452809,0.073823230612936,0.13554917359088864,14.728057420230401,628.1191298134569,744005.5810449863,729168.127155568,12152.802119259466,14.618520584880077,758.1772897145714,17.246202449822203,2.9724329040023982,496.0,0.16666041549620714,0.7912779325564476,0.0,0.023383923581048138,0.0,0.0,0.010046296296296296,8,30,24,e4_moderate_d25_source_deadline_hybrid,moderate,25,source,deadline_hybrid,23,4
11959,11943,733,10031,10017,693,303,11640,4,4,2583.154048228581,1271.4285215106925,165301.1924431279,152.93741355931888,173645.99436514245,8191.864508466066,16015,14235.636260584586,38,0.0,4127.794658617296,124.21106368606453,0,0,241,0.0,1687.0,847,1753.4285215106856,2179.100070337226,2191.1737036947216,50573.09502438747,1998.774476933606,0,0,0,20261144,cbcd676881758af8,deadline_hybrid,2,1.0,0.98,16,14,0.061374863937034244,0.06263065473701815,0.07048150732728542,0.012805611116077944,14.539562452075899,1311.7255267178884,724714.4960106546,706377.8063931973,11772.963439886622,29.22380869184476,842.8849170731245,33.31290794889343,2.5869819406076995,496.0,0.1882678136081377,0.8888939282288221,0.0,0.047775401141403884,0.0,0.0,0.019525462962962963,8,30,24,e4_moderate_d25_source_deadline_hybrid,moderate,25,source,deadline_hybrid,24,4
10658,10640,937,8952,8936,867,426,10214,5,5,3738.0206361522933,1822.3957156834956,151834.39087906762,2337.1692034292646,165911.57916627696,11740.019083791809,14823,16376.524300729834,56,0.0,6010.485821821768,179.9268385673363,0,0,330,0.0,2310.0,1182,2482.3957156834954,3046.7788455299533,3126.3914621511085,48808.74285259453,2894.8337478154735,0,0,0,20261145,cbcd676881758af8,deadline_hybrid,2,1.0,0.98,18,16,0.0880639097744361,0.0896040532933008,0.09863717605004468,0.21965875972079554,15.593193530665127,1915.6249204687977,737718.0226667671,721725.0773346634,12028.751288911057,41.373261928058255,813.4790475432421,48.24722913025789,2.645001237014474,496.0,0.17370293160084327,1.1048049855447504,0.0,0.06956580812293713,0.0,0.0,0.02673611111111111,8,30,24,e4_moderate_d25_source_deadline_hybrid,moderate,25,source,deadline_hybrid,25,4
11411,11394,943,9622,9607,885,468,10926,11,11,3933.8413134918715,2082.80883487577,160412.65777938874,1255.020885996506,174630.72942756658,12963.050762191342,15636,16937.47337708656,60,0.0,6444.766854102148,192.6659979562463,0,0,367,0.0,2569.0,1303,2816.808834875777,3702.8828295131557,3717.949202481219,51707.44485297809,3181.177813372026,0,0,0,20261146,cbcd676881758af8,deadline_hybrid,2,1.0,0.98,17,15,0.08276285764437423,0.08412934887389362,0.09353564747453752,0.1101475237841413,15.326551643634069,1851.0324786161013,727730.2914642688,709659.2024971576,11827.653374952626,46.946813914596284,861.7907475496348,53.0196302228671,2.853376210653276,496.0,0.1848899065140358,1.0832356982020057,0.0,0.0745922089595156,0.0,0.0,0.029733796296296296,8,30,24,e4_moderate_d25_source_deadline_hybrid,moderate,25,source,deadline_hybrid,26,4
11731,11719,643,9831,9823,620,222,11497,12,12,1873.5764381033941,1078.8387332242178,163466.99344437697,409.32148495662295,170085.33406033218,6209.019131009412,15737,13101.823009753512,28,0.0,3020.529204271588,91.87374990874817,0,0,176,0.0,1232.0,620,1430.8387332242125,1655.622678019185,1672.3819405664944,49656.92738374869,1522.9874269004329,0,0,0,20261147,cbcd676881758af8,deadline_hybrid,2,1.0,0.98,12,8,0.05486816281252667,0.05583496718097349,0.06387956464245753,0.03492802158517134,14.513638882185527,794.7377048791764,727466.5719716655,709211.5298115504,11820.19216352584,23.84731222040354,827.6154563958115,25.38312378167388,2.6973902267201524,496.0,0.18518529125037464,0.8325489616669958,0.0,0.03495982875314338,0.0,0.0,0.01425925925925926,8,30,24,e4_moderate_d25_source_deadline_hybrid,moderate,25,source,deadline_hybrid,27,4
11047,11036,788,9294,9285,755,342,10694,9,9,2904.8018485157872,1459.6429860840426,153906.3132268538,105.88877054961995,163356.48735444923,9344.285357054252,14925,14572.762610277734,43,0.0,4665.369776376198,140.38730617376433,0,0,281,0.0,1967.0,965,2021.6429860840321,2570.2098540581765,2591.100207708285,47391.89370317901,2328.3102657758227,0,0,0,20261148,cbcd676881758af8,deadline_hybrid,2,1.0,0.98,11,9,0.07140268213120696,0.07232732868652123,0.08220357219711642,0.00959485053911018,14.802146371370897,1445.1588624317446,735626.2330848433,719035.0741484456,11983.917902474093,33.6940497680672,789.8648950529836,38.80517109626371,2.6850779354489998,496.0,0.17604588588167203,0.9763995048762301,0.0,0.053997335374724516,0.0,0.0,0.022766203703703705,8,30,24,e4_moderate_d25_source_deadline_hybrid,moderate,25,source,deadline_hybrid,28,4
10180,10165,941,8580,8566,881,350,9815,6,6,3066.558096603785,1523.7038402244377,146021.00388897458,2175.8067028283585,158344.67957071084,10147.86897891918,14103,15134.437676780179,45,0.0,4895.201304985586,149.02524473698583,0,0,275,0.0,1925.0,975,2073.7038402244307,2884.711196363174,3000.2120841803844,46424.86373788884,2443.830904620271,0,0,0,20261149,cbcd676881758af8,deadline_hybrid,2,1.0,0.98,15,14,0.0925725528775209,0.09390962671905698,0.10431235431235432,0.21404886402640025,15.577440193872192,1542.8542563793474,744201.0499304893,729424.1905475615,12157.06984245936,34.56173067040718,773.747728964814,40.73051507700452,3.0771405991593688,496.0,0.1664414763323373,1.0731360474211287,0.0,0.05665742251140724,0.0,0.0,0.02228009259259259,8,30,24,e4_moderate_d25_source_deadline_hybrid,moderate,25,source,deadline_hybrid,29,4
